Treatment,target,botton_score,max,min,range,mean,std,median,non_zero_per_row
UTC,0.75,0.043,16.3,13.1,3.2,15.075,1.3769,15.45,4
UTC,0.33,0.113,17.3,12.2,5.1,14.7333,2.5502,14.7,3
UTC,0.25,0.0406,15.6,12.7,2.9,14.2,1.3342,14.25,4
UTC,0.5,0.0986,16.4,9.0,7.4,13.5,3.3882,14.3,4
UTC,0.67,0.0447,15.7,11.9,3.8,13.3667,2.0429,12.5,3
UTC,0.33,0.1202,15.8,11.0,4.8,13.6333,2.4338,14.1,3
UTC,0.5,0.0147,17.3,9.5,7.8,15.05,3.7332,16.7,4
UTC,0.67,0.3105,15.1,7.5,7.6,10.7667,3.9107,9.7,3
UTC,0.33,0.0787,13.6,8.7,4.9,11.8,2.6963,13.1,3
UTC,0.33,0.0816,13.6,7.5,6.1,11.4333,3.4122,13.2,3
UTC,0.75,0.0628,16.8,13.3,3.5,14.875,1.4454,14.7,4
UTC,1.0,0.0001,9.0,9.0,0.0,9.0,,9.0,1
UTC,0.0,0.0071,15.7,13.5,2.2,14.64,1.0286,14.7,5
UTC,0.33,0.0438,16.8,13.6,3.2,15.3667,1.6258,15.7,3
UTC,0.4,0.1453,17.5,11.5,6.0,14.64,2.3017,14.7,5
UTC,0.6,0.1138,15.5,7.5,8.0,11.16,3.826,9.1,5
UTC,0.6,0.25,13.8,7.5,6.3,10.74,2.9813,12.0,5
UTC,0.0,0.006,18.0,16.7,1.3,17.3,0.6481,17.25,4
UTC,1.0,0.1548,10.0,7.3,2.7,8.64,1.0922,8.6,5
UTC,0.25,0.2778,16.5,8.5,8.0,13.0,3.4157,13.5,4
UTC,0.0,0.0099,18.0,16.0,2.0,17.2,1.0583,17.6,3
UTC,0.6,0.0833,19.3,14.8,4.5,16.64,1.8716,16.0,5
UTC,0.2,0.0037,18.8,16.5,2.3,17.94,0.9236,17.9,5
UTC,0.8,0.0791,16.1,10.0,6.1,12.56,3.0591,10.5,5
UTC,0.5,0.0126,15.4,14.0,1.4,14.65,0.6608,14.6,4
UTC,0.25,0.0546,17.0,13.9,3.1,15.225,1.4127,15.0,4
UTC,0.0,0.0578,20.0,15.0,5.0,17.88,1.9357,18.5,5
UTC,0.2,0.1407,18.0,12.1,5.9,15.02,2.2599,14.5,5
UTC,0.8,0.3299,14.3,7.1,7.2,10.38,3.1324,8.9,5
UTC,0.67,0.1447,14.4,7.6,6.8,10.1333,3.7166,8.4,3
UTC,0.4,0.1079,16.5,7.6,8.9,13.0,3.6339,13.4,5
UTC,0.33,0.2004,16.5,10.0,6.5,13.5,3.2787,14.0,3
UTC,0.25,0.2416,15.7,8.8,6.9,12.9,2.9223,13.55,4
UTC,0.25,0.0846,18.6,8.8,9.8,15.6,4.5811,17.5,4
UTC,0.67,0.0712,15.7,10.0,5.7,13.6,3.1321,15.1,3
UTC,0.6,0.1398,16.2,8.7,7.5,12.7,3.1567,12.3,5
UTC,0.6,0.1706,15.9,7.0,8.9,13.3,3.5833,14.4,5
UTC,0.33,0.0046,14.6,12.9,1.7,14.0,0.9539,14.5,3
UTC,0.4,0.0563,16.4,12.8,3.6,14.92,1.3809,15.5,5
UTC,0.75,0.1115,15.2,7.8,7.4,9.95,3.5114,8.4,4
UTC,0.25,0.121,16.5,11.5,5.0,14.225,2.1061,14.45,4
UTC,0.67,0.1943,16.1,9.1,7.0,13.2,3.651,14.4,3
UTC,0.6,0.048,17.0,13.3,3.7,15.14,1.5356,14.8,5
UTC,0.5,0.0237,15.3,13.5,1.8,14.275,0.8732,14.15,4
UTC,0.0,0.0118,18.1,15.2,2.9,16.2667,1.5948,15.5,3
UTC,0.5,0.1631,16.7,10.1,6.6,14.125,2.8359,14.85,4
UTC,0.0,0.1045,11.84,8.79,3.05,9.81,1.3815,9.305,4
UTC,0.4,0.2421,11.87,4.96,6.91,9.066,3.1951,10.89,5
UTC,0.33,0.2883,14.84,7.41,7.43,11.7333,3.8615,12.95,3
UTC,0.8,0.6012,17.45,6.24,11.21,10.43,4.2068,9.28,5
UTC,0.33,0.0919,17.85,13.0,4.85,15.5133,2.4298,15.69,3
UTC,0.6,0.8635,13.36,5.85,7.51,8.142,3.2718,6.24,5
UTC,0.67,0.2031,13.75,8.61,5.14,11.4667,2.6175,12.04,3
UTC,0.2,0.3197,19.7,10.47,9.23,14.458,3.4289,13.6,5
UTC,0.4,0.5782,17.92,5.11,12.81,12.676,4.684,13.77,5
UTC,0.4,0.2709,18.92,10.98,7.94,13.216,3.3287,11.79,5
UTC,0.0,0.0039,19.51,14.89,4.62,16.4533,2.6474,14.96,3
UTC,0.67,0.5102,17.32,5.99,11.33,11.1133,5.7422,10.03,3
UTC,0.4,0.2561,19.06,10.72,8.34,14.778,3.4879,16.08,5
UTC,0.5,0.5243,16.5,6.25,10.25,11.0325,4.9149,10.69,4
UTC,0.0,0.104,19.07,13.7,5.37,16.385,2.2235,16.385,4
UTC,0.33,0.1678,19.04,11.04,8.0,15.63,4.1285,16.81,3
UTC,0.25,0.0529,19.97,15.47,4.5,17.0975,1.9813,16.475,4
UTC,0.33,0.1524,20.23,12.28,7.95,16.7,4.049,17.59,3
UTC,0.67,0.231,17.17,8.94,8.23,12.3933,4.2716,11.07,3
UTC,0.25,0.4779,17.84,7.09,10.75,12.765,4.4737,13.065,4
UTC,0.2,0.4286,17.37,6.56,10.81,12.794,3.9957,12.72,5
UTC,0.4,0.5438,17.21,6.29,10.92,12.154,3.936,12.77,5
UTC,0.4,0.1235,16.4,5.85,10.55,12.17,4.7386,14.19,5
UTC,0.0,0.0752,16.92,12.33,4.59,14.9933,2.382,15.73,3
UTC,0.4,0.3864,14.49,5.62,8.87,11.308,3.3717,12.09,5
UTC,0.5,0.1799,15.07,10.1,4.97,12.16,2.1053,11.735,4
UTC,0.5,0.1283,17.2,11.86,5.34,14.0125,2.2666,13.495,4
UTC,0.5,0.1863,14.54,8.71,5.83,12.03,2.5454,12.435,4
UTC,0.5,0.0102,15.85,12.46,3.39,13.3725,1.6528,12.59,4
UTC,0.25,0.1738,17.61,9.65,7.96,14.68,3.4838,15.73,4
UTC,0.5,0.4481,11.78,5.2,6.58,8.3975,3.2864,8.305,4
UTC,0.0,0.1058,18.8,12.98,5.82,15.62,2.9473,15.08,3
UTC,0.5,0.063,13.28,10.9,2.38,11.7225,1.097,11.355,4
UTC,0.25,0.082,16.23,12.21,4.02,13.8225,1.7055,13.425,4
UTC,0.5,0.3276,16.61,8.45,8.16,12.9725,3.3813,13.415,4
UTC,0.67,0.3629,14.49,7.46,7.03,11.0733,3.5191,11.27,3
UTC,0.67,0.1809,13.25,5.6,7.65,10.4767,4.2366,12.58,3
UTC,0.0,0.1353,14.33,10.29,4.04,12.04,1.6843,11.77,4
UTC,0.0,0.0522,12.78,10.17,2.61,11.374,1.1573,10.92,5
UTC,0.6,0.5007,17.97,8.0,9.97,12.274,4.1424,12.52,5
UTC,0.4,0.408,16.86,7.17,9.69,12.008,4.21,13.13,5
UTC,0.4,0.5135,18.01,6.79,11.22,12.502,4.5275,14.01,5
UTC,0.2,0.1851,17.44,12.0,5.44,13.918,2.2015,12.95,5
UTC,0.25,0.0607,17.7,12.89,4.81,14.5325,2.152,13.77,4
UTC,0.6,0.1911,13.89,7.78,6.11,10.496,2.8301,8.91,5
UTC,0.4,0.0807,18.25,13.89,4.36,15.686,1.6258,15.73,5
UTC,0.5,0.1333,19.0,13.16,5.84,15.79,2.5993,15.5,4
UTC,0.6,0.0248,23.45,19.94,3.51,21.616,1.4883,22.15,5
UTC,1.0,0.3043,9.62,5.92,3.7,8.074,1.3573,8.15,5
UTC,1.0,0.1136,9.2,7.11,2.09,8.0033,0.8622,7.84,6
UTC,0.5,0.1889,12.22,8.62,3.6,10.2,1.5234,9.98,4
UTC,0.25,0.1439,10.78,8.18,2.6,9.2775,1.1115,9.075,4
UTC,1.0,0.0396,10.0,8.64,1.36,9.1075,0.613,8.895,4
UTC,0.33,0.0906,10.29,7.46,2.83,8.9767,1.1652,9.17,6
UTC,0.8,0.5233,9.31,5.25,4.06,7.232,1.6352,7.72,5
UTC,0.5,0.2186,9.51,6.84,2.67,7.995,0.877,7.88,6
UTC,0.5,0.9984,8.08,3.66,4.42,5.6733,1.4752,5.43,6
UTC,0.5,0.3629,7.48,5.16,2.32,5.8417,0.8507,5.615,6
UTC,1.0,1.1344,9.49,2.82,6.67,6.464,2.5289,7.12,5
UTC,1.0,0.3738,9.32,6.06,3.26,7.48,1.1752,7.525,6
UTC,0.5,0.1546,7.34,5.46,1.88,6.0875,0.8503,5.775,4
UTC,0.5,0.1334,9.26,7.24,2.02,8.0267,0.6888,7.99,6
UTC,0.6,0.3746,9.88,6.32,3.56,7.892,1.3604,7.91,5
UTC,0.6,0.2011,8.78,5.65,3.13,7.442,1.2509,7.64,5
UTC,0.67,0.244,8.24,5.91,2.33,7.0367,0.837,7.01,6
UTC,0.25,0.0573,10.27,7.75,2.52,8.4975,1.1872,7.985,4
UTC,0.5,0.2429,8.63,6.02,2.61,7.1625,1.082,7.0,4
UTC,0.6,0.1286,9.06,6.85,2.21,8.082,0.8268,8.07,5
UTC,0.6,0.2135,10.19,7.31,2.88,8.55,1.2425,8.51,5
UTC,0.4,0.1166,10.06,7.94,2.12,8.956,0.8123,9.16,5
UTC,0.5,0.1273,10.91,8.36,2.55,9.585,0.8984,9.605,6
UTC,0.6,0.2183,9.26,6.52,2.74,7.612,1.0037,7.41,5
UTC,1.0,0.0723,9.6,8.15,1.45,8.742,0.5827,8.45,5
UTC,0.2,0.1992,10.29,7.21,3.08,8.866,1.1191,8.82,5
UTC,0.4,0.2625,10.68,7.3,3.38,8.654,1.2567,8.25,5
UTC,0.8,0.1784,9.15,6.71,2.44,7.962,0.9356,8.01,5
UTC,0.5,0.1543,8.84,6.74,2.1,7.7825,0.8575,7.775,4
UTC,0.8,0.0053,8.99,7.34,1.65,8.354,0.8174,8.88,5
UTC,0.75,0.0674,10.39,8.58,1.81,9.4675,0.8115,9.45,4
UTC,0.6,0.104,10.74,4.27,6.47,8.58,2.7622,9.97,5
UTC,0.6,0.0601,9.88,8.14,1.74,8.64,0.7066,8.41,5
UTC,0.8,0.0996,9.38,7.29,2.09,8.16,0.9767,7.61,5
UTC,0.8,0.6647,9.53,3.96,5.57,7.406,2.0659,7.93,5
UTC,0.8,0.9884,10.52,3.74,6.78,7.158,2.5049,7.36,5
UTC,0.6,0.2093,9.54,6.38,3.16,7.85,1.4238,7.77,5
UTC,0.6,0.1552,9.94,7.64,2.3,8.64,0.9068,8.77,5
UTC,0.4,0.8177,9.34,3.65,5.69,6.996,2.0662,7.35,5
UTC,0.75,0.0811,10.88,8.83,2.05,9.7975,0.9197,9.74,4
UTC,0.4,0.1874,11.07,7.91,3.16,9.212,1.1553,9.02,5
UTC,0.8,0.0723,10.37,8.81,1.56,9.294,0.6503,9.02,5
UTC,0.4,0.7744,9.9,3.68,6.22,7.396,2.2865,7.81,5
UTC,0.83,0.5743,8.88,3.38,5.5,6.7867,2.0114,7.46,6
UTC,0.83,1.2657,7.32,2.33,4.99,5.1017,1.6497,5.455,6
UTC,1.0,0.5265,10.2,5.45,4.75,7.858,1.734,8.17,5
UTC,0.6,0.2696,9.06,6.43,2.63,7.558,0.9821,7.29,5
UTC,0.6,0.3187,7.79,5.1,2.69,6.614,0.996,6.77,5
UTC,0.6,0.0502,8.27,7.05,1.22,7.782,0.4495,7.86,5
UTC,0.8,0.1583,10.56,6.75,3.81,9.164,1.4586,9.29,5
UTC,0.4,0.363,7.82,5.26,2.56,6.472,0.9713,6.7,5
UTC,0.6,0.692,10.12,5.19,4.93,7.298,2.0499,7.74,5
UTC,0.6,0.5414,9.89,4.29,5.6,7.866,2.1088,8.38,5
UTC,0.8,0.2879,8.75,5.99,2.76,7.366,1.0442,7.55,5
UTC,0.67,0.1286,10.15,7.39,2.76,8.965,0.9691,9.125,6
UTC,0.67,0.3231,10.1,6.59,3.51,8.0783,1.1588,7.895,6
UTC,0.2,0.0202,9.21,7.46,1.75,8.5,0.892,9.11,5
UTC,0.8,0.4165,10.64,5.88,4.76,8.514,1.7219,8.49,5
UTC,0.8,0.2958,9.22,6.18,3.04,7.358,1.1295,7.14,5
UTC,0.8,0.7339,9.53,3.41,6.12,6.152,2.7395,4.69,5
UTC,1.0,0.2473,10.32,6.53,3.79,8.6283,1.2735,8.57,6
UTC,1.0,1.3596,8.41,2.68,5.73,4.954,2.107,4.43,5
UTC,1.0,0.181,8.05,5.0,3.05,6.935,1.3651,7.345,4
UTC,0.67,0.1821,10.16,5.26,4.9,7.0533,2.7011,5.74,3
UTC,0.8,0.4556,7.89,4.34,3.55,5.974,1.579,5.63,5
UTC,0.8,0.3344,12.13,6.37,5.76,8.19,2.2634,7.62,5
UTC,0.67,0.0269,7.33,5.46,1.87,6.3733,0.7931,6.155,6
UTC,1.0,0.5674,10.82,5.27,5.55,7.078,2.1704,6.38,5
UTC,1.0,0.5437,9.94,5.353,4.587,7.5555,1.6335,7.705,6
UTC,1.0,0.3404,9.19,2.82,6.37,6.414,2.6762,6.29,5
UTC,0.8,0.5873,9.53,4.29,5.24,6.388,2.5332,4.91,5
UTC,0.83,0.1969,11.22,7.62,3.6,8.805,1.2479,8.535,6
UTC,0.8,0.6824,12.1,5.87,6.23,8.328,2.4224,7.5,5
UTC,0.83,0.8742,7.62,3.37,4.25,4.6017,1.5343,4.195,6
UTC,1.0,0.3727,7.4,4.94,2.46,6.114,0.988,6.16,5
UTC,0.75,0.2702,12.13,7.92,4.21,9.7475,1.9508,9.47,4
UTC,0.5,0.3555,10.37,5.39,4.98,8.49,1.6511,8.785,6
UTC,1.0,0.0221,10.1,9.11,0.99,9.635,0.413,9.665,4
UTC,0.8,0.2083,11.1,7.12,3.98,9.34,1.5172,9.32,5
UTC,0.67,0.0307,15.1,11.94,3.16,13.1367,1.7138,12.37,3
UTC,1.0,0.3258,10.68,4.64,6.04,8.632,2.3518,9.15,5
UTC,0.8,0.0609,13.27,10.87,2.4,11.828,0.8813,11.61,5
UTC,1.0,0.2261,11.24,6.22,5.02,9.1883,1.8414,9.475,6
UTC,0.75,0.1944,12.04,6.29,5.75,9.645,2.6368,10.125,4
UTC,0.8,0.3863,11.84,7.16,4.68,9.182,1.7805,8.56,5
UTC,0.83,0.5192,13.01,6.06,6.95,9.515,2.612,10.065,6
UTC,1.0,0.0067,11.05,10.06,0.99,10.605,0.4782,10.655,4
UTC,0.83,0.4996,11.53,4.38,7.15,8.8333,2.561,9.83,6
UTC,0.8,0.4465,13.25,6.47,6.78,9.824,2.6371,9.17,5
UTC,0.6,0.2433,12.03,6.9,5.13,10.074,1.9269,10.31,5
UTC,0.6,0.1427,12.77,6.61,6.16,10.738,2.433,11.14,5
UTC,0.8,0.1257,12.37,9.3,3.07,10.28,1.2272,10.02,5
UTC,0.8,0.1588,10.0,4.89,5.11,8.256,2.0493,8.77,5
UTC,1.0,0.2999,10.89,6.2,4.69,8.984,1.7488,9.09,5
UTC,1.0,0.1572,9.43,7.15,2.28,8.105,0.965,7.92,4
UTC,1.0,0.0049,12.34,11.21,1.13,11.62,0.6255,11.31,3
UTC,1.0,0.1747,8.43,6.19,2.24,7.2575,1.0779,7.205,4
UTC,0.75,0.0337,8.24,7.22,1.02,7.6875,0.534,7.645,4
UTC,0.6,0.4847,14.74,7.42,7.32,10.612,2.7704,10.07,5
UTC,0.6,0.0473,9.35,4.28,5.07,7.61,2.1131,8.26,5
UTC,1.0,1.1671,9.55,2.53,7.02,6.424,2.6353,6.81,5
UTC,0.8,0.484,12.19,5.31,6.88,7.158,2.8579,6.19,5
UTC,1.0,0.5557,9.43,4.94,4.49,7.364,1.6076,7.34,5
UTC,1.0,0.7643,9.03,4.41,4.62,6.432,1.8944,5.69,5
UTC,1.0,0.5029,8.76,3.14,5.62,6.426,2.3569,7.16,5
UTC,0.75,0.0584,8.91,7.66,1.25,8.2375,0.5438,8.19,4
UTC,0.8,0.1386,7.49,4.12,3.37,6.07,1.5042,6.52,5
UTC,0.4,0.6259,10.44,5.21,5.23,7.624,1.8847,7.52,5
UTC,0.75,0.2765,9.47,6.34,3.13,7.8175,1.435,7.73,4
UTC,0.8,0.4672,9.5,4.86,4.64,7.598,1.7185,7.75,5
UTC,0.75,0.4598,13.08,6.72,6.36,9.5775,2.985,9.255,4
UTC,0.75,0.1235,11.32,8.71,2.61,9.8875,1.0948,9.76,4
UTC,1.0,0.3594,10.28,5.57,4.71,8.245,2.0432,8.565,4
UTC,1.0,0.1225,11.37,8.86,2.51,9.79,1.1554,9.465,4
UTC,0.8,0.0597,13.08,9.38,3.7,11.232,1.6447,10.9,5
UTC,0.8,0.0019,8.53,7.66,0.87,8.1,0.4109,8.03,5
UTC,1.0,0.147,9.25,5.71,3.54,7.792,1.4072,7.58,5
UTC,1.0,0.289,10.95,5.85,5.1,8.75,1.9948,8.78,5
UTC,0.8,0.2288,12.47,8.11,4.36,10.326,1.6493,10.18,5
UTC,0.67,0.5886,9.62,5.17,4.45,7.2467,1.6014,7.355,6
UTC,0.8,0.2047,12.08,7.22,4.86,10.418,1.8581,10.88,5
UTC,0.8,0.2319,12.94,8.73,4.21,10.61,1.7346,10.98,5
UTC,0.8,0.4061,13.32,4.49,8.83,10.048,3.4683,11.19,5
UTC,0.4,0.3717,11.58,7.14,4.44,9.022,1.7603,9.24,5
UTC,0.75,0.2862,12.88,6.65,6.23,10.22,2.7414,10.675,4
UTC,0.75,0.1295,13.43,9.42,4.01,10.71,1.8514,9.995,4
UTC,0.5,0.387,12.33,6.99,5.34,9.5625,2.2032,9.465,4
UTC,0.83,0.3314,11.61,6.55,5.06,9.325,1.7463,9.61,6
UTC,1.0,0.1754,10.02,7.72,2.3,8.5933,0.8704,8.5,6
UTC,1.0,0.1511,10.11,7.74,2.37,8.75,1.0978,8.575,4
UTC,1.0,0.4328,8.8,5.26,3.54,7.014,1.2529,6.98,5
UTC,0.4,0.5935,12.1,5.19,6.91,9.052,2.5365,9.75,5
UTC,0.67,0.3693,8.73,4.77,3.96,7.1233,1.3722,7.365,6
UTC,0.8,1.2463,8.71,3.56,5.15,5.26,2.0711,4.47,5
UTC,0.75,0.4258,12.65,6.65,6.0,9.575,2.451,9.5,4
UTC,0.8,0.2748,13.95,8.7,5.25,10.998,1.9507,11.09,5
UTC,0.67,0.7955,11.28,4.5,6.78,7.7983,2.5788,8.365,6
UTC,0.8,0.3072,9.83,4.49,5.34,8.122,2.1012,8.67,5
UTC,0.75,1.0305,11.34,3.31,8.03,7.595,3.3323,7.865,4
UTC,1.0,0.3517,8.9,6.14,2.76,7.136,1.1307,6.95,5
UTC,1.0,0.3454,11.34,6.96,4.38,8.9975,1.8382,8.845,4
UTC,1.0,0.5501,10.12,3.96,6.16,7.5233,2.6688,8.81,6
UTC,0.6,0.2494,11.31,6.29,5.02,9.18,2.0739,9.91,5
UTC,1.0,0.4851,12.28,6.29,5.99,9.244,2.2432,8.91,5
UTC,0.8,0.237,8.83,6.46,2.37,7.49,0.9195,7.48,5
UTC,0.5,0.011,11.5,10.19,1.31,10.8525,0.6829,10.86,4
UTC,0.6,0.0299,10.38,6.6,3.78,9.306,1.5933,10.13,5
UTC,1.0,0.2282,12.18,6.81,5.37,9.69,2.5154,9.885,4
UTC,0.75,0.211,11.46,8.08,3.38,9.5325,1.4884,9.295,4
UTC,0.5,0.2953,12.33,8.09,4.24,9.535,1.5006,9.095,6
UTC,0.6,0.026,11.76,7.73,4.03,10.676,1.6779,11.3,5
UTC,0.75,0.3109,12.34,6.26,6.08,9.8525,2.6438,10.405,4
UTC,0.6,0.0193,11.01,9.66,1.35,10.286,0.6029,9.97,5
UTC,0.83,0.3323,10.75,3.6,7.15,8.4817,2.5965,9.325,6
UTC,0.8,0.2308,9.69,6.79,2.9,8.2244,1.0362,8.22,5
UTC,0.75,0.1819,12.14,8.14,4.0,9.61,1.7482,9.08,4
UTC,0.8,0.249,9.77,5.36,4.41,8.134,1.7143,8.52,5
UTC,0.5,0.147,11.1,8.26,2.84,9.685,1.1773,9.69,4
UTC,0.6,0.221,12.53,5.87,6.66,9.426,2.8096,8.98,5
UTC,1.0,0.0805,8.29,7.01,1.28,7.5533,0.487,7.48,6
UTC,0.8,0.3857,11.99,5.37,6.62,9.212,2.6707,10.1,5
UTC,0.83,0.0267,11.0,8.12,2.88,9.56,1.326,9.53,6
UTC,0.5,0.0473,9.98,8.11,1.87,9.145,0.7319,9.29,6
UTC,0.5,0.107,9.98,7.36,2.62,8.28,1.1605,7.89,4
UTC,0.6,0.2286,10.63,7.54,3.09,8.732,1.167,8.38,5
UTC,1.0,0.5279,7.55,4.44,3.11,5.735,1.308,5.475,4
UTC,0.75,0.21,8.88,3.96,4.92,7.3025,2.273,8.185,4
UTC,1.0,1.2737,7.79,3.23,4.56,5.224,1.7364,4.65,5
UTC,0.33,0.0059,10.45,9.74,0.71,10.17,0.378,10.32,3
UTC,0.25,0.1108,9.31,7.5,1.81,8.2825,0.7795,8.16,4
UTC,0.67,0.1422,10.91,8.42,2.49,9.4717,0.9277,9.395,6
UTC,1.0,0.501,10.21,5.05,5.16,8.128,1.8862,8.53,5
UTC,1.0,0.0674,7.49,6.53,0.96,6.92,0.3964,6.87,5
UTC,0.8,0.1912,5.2,4.0,1.2,4.544,0.5386,4.44,5
UTC,0.6,0.2936,7.86,3.87,3.99,6.018,1.8314,6.48,5
UTC,1.0,0.4646,5.03,2.57,2.46,3.608,1.2213,2.83,5
UTC,0.8,0.0293,5.88,4.41,1.47,5.428,0.6365,5.82,5
UTC,1.0,0.1824,8.85,3.22,5.63,7.006,2.2596,7.19,5
UTC,0.83,0.0943,10.11,7.94,2.17,9.0067,0.7896,8.885,6
UTC,0.6,0.1241,10.46,8.06,2.4,9.288,0.8681,9.27,5
UTC,1.0,0.0224,8.2,7.14,1.06,7.794,0.4576,8.06,5
UTC,0.83,0.5447,6.55,2.89,3.66,5.0217,1.309,5.045,6
UTC,1.0,0.0301,10.0,8.91,1.09,9.446,0.4164,9.48,5
UTC,0.2,0.0999,9.82,7.55,2.27,8.912,0.8633,9.24,5
UTC,0.6,0.1636,9.06,6.64,2.42,7.976,0.8944,7.9,5
UTC,1.0,0.2986,8.55,5.95,2.6,6.8925,1.1906,6.535,4
UTC,0.6,0.1889,10.61,7.7,2.91,8.922,1.2357,8.36,5
UTC,1.0,0.1127,10.48,5.44,5.04,9.015,2.3935,10.07,4
UTC,0.4,0.0403,6.56,5.93,0.63,6.186,0.2348,6.11,5
UTC,0.33,0.0079,8.83,6.21,2.62,7.985,0.9686,8.125,6
UTC,0.67,0.0865,8.96,6.24,2.72,7.7733,1.124,8.045,6
UTC,0.0,0.0505,9.19,7.9,1.29,8.5875,0.5329,8.63,4
UTC,0.6,0.3531,10.5,4.26,6.24,7.914,2.9551,9.78,5
UTC,0.0,0.0361,11.79,10.15,1.64,10.79,0.7028,10.61,4
UTC,0.4,0.1092,8.14,6.7,1.44,7.296,0.6205,7.19,5
UTC,1.0,1.0811,7.47,2.82,4.65,5.48,1.6935,5.57,5
UTC,0.8,1.0586,10.49,2.82,7.67,6.676,3.3235,7.62,5
UTC,1.0,0.269,5.24,4.06,1.18,4.565,0.518,4.48,4
UTC,0.4,0.0077,8.91,7.96,0.95,8.616,0.3839,8.75,5
UTC,0.6,0.0801,9.45,7.52,1.93,8.598,0.7825,8.88,5
UTC,0.67,0.0186,11.2,7.72,3.48,9.705,1.3084,9.455,6
UTC,0.67,0.1177,7.17,5.94,1.23,6.47,0.4509,6.37,6
UTC,1.0,0.0571,6.28,5.38,0.9,5.6825,0.406,5.535,4
UTC,0.8,0.1891,9.04,6.62,2.42,7.762,0.961,7.43,5
UTC,1.0,0.0175,8.85,6.63,2.22,7.775,0.8859,7.56,6
UTC,1.0,0.0421,8.9,7.85,1.05,8.3,0.4491,8.225,4
UTC,0.4,0.0112,9.06,5.99,3.07,7.49,1.4608,6.91,5
UTC,1.0,0.4676,5.37,3.6,1.77,4.335,0.7444,4.185,4
UTC,0.75,0.4815,4.59,3.14,1.45,3.865,0.6487,3.865,4
UTC,0.8,1.1545,5.14,2.14,3.0,3.952,1.1196,4.11,5
UTC,0.67,0.0328,8.68,6.82,1.86,7.9767,0.6921,8.055,6
UTC,1.0,1.6545,5.66,1.8,3.86,3.935,1.2667,4.1,6
UTC,0.8,0.0705,5.3,4.46,0.84,4.816,0.3999,4.57,5
UTC,1.0,0.3768,4.55,3.18,1.37,3.98,0.5825,4.095,4
UTC,0.4,0.0015,8.48,8.25,0.23,8.372,0.1085,8.43,5
UTC,1.0,0.1003,10.12,8.12,2.0,9.09,0.818,9.39,5
UTC,0.75,0.235,6.5,4.76,1.74,5.455,0.7389,5.28,4
UTC,0.6,0.0225,9.98,8.15,1.83,9.222,0.7666,9.33,5
UTC,0.25,0.2343,7.4,5.55,1.85,6.3375,0.8619,6.2,4
UTC,0.8,1.571,8.57,2.29,6.28,4.338,2.5014,3.94,5
UTC,0.75,0.1207,8.1,6.53,1.57,7.26,0.6906,7.205,4
UTC,1.0,0.1032,9.18,7.5,1.68,8.12,0.6762,8.18,5
UTC,0.6,0.143,7.65,5.85,1.8,6.652,0.7898,6.3,5
UTC,0.6,0.1217,7.99,6.39,1.6,7.016,0.594,6.95,5
UTC,0.4,0.0964,9.13,5.57,3.56,7.62,1.5914,8.11,5
UTC,0.4,0.1501,8.96,6.12,2.84,7.462,1.3326,7.42,5
UTC,1.0,0.941,9.69,3.83,5.86,6.77,2.4229,6.78,4
UTC,1.0,0.5759,4.37,3.01,1.36,3.604,0.5682,3.45,5
UTC,0.2,0.1314,8.77,6.93,1.84,7.69,0.68,7.65,5
UTC,0.6,0.1023,9.0,6.87,2.13,7.79,0.9906,7.32,5
UTC,0.6,0.0726,8.57,7.2,1.37,7.904,0.5087,7.96,5
UTC,0.75,0.061,4.51,3.66,0.85,4.21,0.3855,4.335,4
UTC,0.75,0.0359,11.11,9.1,2.01,10.2525,0.9151,10.4,4
UTC,0.83,0.0238,7.46,5.97,1.49,6.7433,0.6531,6.735,6
UTC,1.0,0.0028,9.88,9.52,0.36,9.7167,0.1823,9.75,3
UTC,1.0,0.0614,8.11,6.13,1.98,7.266,0.8165,7.29,5
UTC,1.0,0.1216,10.4,8.0,2.4,9.09,0.9883,8.98,4
UTC,0.83,0.2874,6.95,2.76,4.19,5.7733,1.5432,6.295,6
UTC,0.5,0.075,5.92,4.27,1.65,5.375,0.6149,5.5,6
UTC,1.0,0.1276,10.84,8.26,2.58,9.4018,1.0698,9.2535,4
UTC,0.5,0.1517,11.0,8.15,2.85,9.55,1.2193,9.525,4
UTC,0.8,0.2176,8.27,5.93,2.34,7.156,0.9213,7.4,5
UTC,0.8,0.4359,6.66,4.62,2.04,5.414,0.8148,5.37,5
UTC,0.75,0.1569,8.28,6.34,1.94,7.0325,0.8676,6.755,4
UTC,0.8,0.7411,8.43,3.8,4.63,5.836,2.0501,5.12,5
UTC,0.83,0.2145,7.45,3.7,3.75,6.3283,1.3769,6.825,6
UTC,1.0,0.3468,10.12,5.89,4.23,7.404,1.5947,7.0,5
UTC,0.6,0.0599,9.73,7.11,2.62,8.614,1.1421,8.94,5
UTC,0.75,0.1094,11.32,8.95,2.37,9.9475,1.0754,9.76,4
UTC,0.6,0.1489,9.87,7.57,2.3,8.624,0.8346,8.45,5
UTC,1.0,0.3691,3.89,2.84,1.05,3.3033,0.5358,3.18,3
UTC,0.75,0.0794,6.62,5.4,1.22,6.0775,0.5486,6.145,4
UTC,0.25,0.0176,9.56,8.67,0.89,9.1875,0.3772,9.26,4
UTC,0.75,0.2071,9.61,7.05,2.56,7.97,1.1832,7.61,4
UTC,1.0,0.1139,9.83,5.84,3.99,8.43,1.6208,8.99,5
UTC,1.0,0.1234,11.41,8.54,2.87,10.09,1.0579,10.13,5
UTC,0.75,0.2281,9.92,6.88,3.04,8.1375,1.2838,7.875,4
UTC,0.83,1.0283,7.11,3.51,3.6,5.0717,1.2435,5.01,6
UTC,1.0,0.0656,9.95,8.0,1.95,9.18,0.8389,9.385,4
UTC,0.67,0.3349,10.33,4.53,5.8,7.92,2.2607,8.275,6
UTC,0.8,0.9954,7.07,3.56,3.51,5.116,1.4789,5.51,5
UTC,0.83,0.0986,5.45,3.38,2.07,4.7917,0.7558,4.945,6
UTC,1.0,0.0257,8.72,4.69,4.03,6.516,2.0442,5.76,5
UTC,0.67,0.6152,10.34,4.34,6.0,7.7567,1.9674,8.185,6
UTC,0.4,0.2409,10.6,5.92,4.68,8.564,1.9334,8.99,5
UTC,0.75,0.6735,8.09,3.43,4.66,5.94,2.121,6.12,4
UTC,0.5,0.1374,8.92,4.3,4.62,7.625,2.221,8.64,4
UTC,1.0,0.664,4.24,2.25,1.99,3.575,0.6827,3.72,6
UTC,1.0,0.41,6.49,4.35,2.14,5.4475,0.8833,5.475,4
UTC,0.83,0.7541,8.67,3.7,4.97,5.6183,2.1663,4.7,6
UTC,1.0,0.5234,4.05,2.94,1.11,3.382,0.4169,3.31,5
UTC,1.0,0.4529,4.7,3.44,1.26,3.974,0.5114,4.05,5
UTC,1.0,0.1715,7.13,3.31,3.82,5.06,1.8965,4.5,5
UTC,0.75,0.1764,5.25,4.31,0.94,4.6525,0.4379,4.525,4
UTC,1.0,0.3207,5.45,3.86,1.59,4.7333,0.8065,4.89,3
UTC,1.0,0.2616,4.55,3.52,1.03,4.06,0.3831,4.08,5
UTC,1.0,0.9022,5.14,2.92,2.22,3.9475,0.9139,3.865,4
UTC,1.0,0.2774,4.44,3.28,1.16,3.925,0.4255,4.03,6
UTC,0.67,0.9667,6.1,2.74,3.36,4.2133,1.7177,3.8,3
UTC,0.6,0.2976,8.41,4.33,4.08,7.116,1.613,7.7,5
UTC,0.6,0.2928,8.7,6.11,2.59,7.204,0.9778,7.14,5
UTC,0.5,0.5841,10.27,5.19,5.08,7.64,2.0784,7.55,4
UTC,0.5,0.0593,8.33,3.44,4.89,6.8083,1.7928,7.13,6
UTC,0.0,0.2128,9.38,7.82,1.56,8.6,1.1031,8.6,2
UTC,0.67,0.4779,9.75,4.08,5.67,6.3267,3.0126,5.15,3
UTC,0.75,0.5454,9.49,3.61,5.88,7.51,2.6442,8.47,4
UTC,1.0,0.0893,8.89,4.79,4.1,6.594,2.0641,5.53,5
UTC,0.5,0.0486,8.6,5.4,3.2,7.63,1.5081,8.26,4
UTC,0.75,0.1123,8.46,4.34,4.12,6.8825,1.9293,7.365,4
UTC,1.0,0.802,6.28,3.22,3.06,4.7733,0.979,4.805,6
UTC,0.8,0.2746,9.97,4.22,5.75,7.446,2.5874,8.26,5
UTC,0.75,0.8674,7.19,3.34,3.85,5.5575,1.6077,5.85,4
UTC,0.5,0.0719,10.88,8.83,2.05,9.99,0.8525,10.125,4
UTC,0.75,0.0051,8.85,5.63,3.22,7.5375,1.5873,7.835,4
UTC,1.0,1.1487,7.64,3.32,4.32,5.2433,1.6388,5.17,6
UTC,0.6,0.6429,9.2,3.34,5.86,7.158,2.2603,8.03,5
UTC,1.0,0.6893,8.77,4.51,4.26,5.945,1.9811,5.25,4
UTC,0.8,1.3676,8.55,3.46,5.09,5.354,2.0842,4.46,5
UTC,0.8,0.9567,6.62,3.58,3.04,4.792,1.2769,4.16,5
UTC,1.0,0.5432,4.35,2.9,1.45,3.358,0.5709,3.17,5
UTC,0.83,0.2913,7.51,3.26,4.25,5.0217,1.9015,4.165,6
UTC,0.8,1.0005,9.19,4.12,5.07,5.476,2.1668,4.34,5
UTC,0.8,0.6566,7.88,4.42,3.46,5.724,1.3027,5.38,5
UTC,0.6,0.4162,7.88,5.03,2.85,6.4564,1.1053,6.74,5
UTC,0.83,1.119,9.48,3.43,6.05,6.1867,2.1388,5.705,6
UTC,0.83,1.1574,10.86,3.97,6.89,6.505,2.7734,5.295,6
UTC,0.83,0.4392,6.31,3.62,2.69,5.2467,0.9118,5.36,6
UTC,1.0,0.2452,7.97,4.64,3.33,6.7133,1.176,6.9,6
UTC,0.8,0.3667,8.65,5.83,2.82,7.022,1.1897,7.24,5
UTC,0.8,0.6154,8.45,4.02,4.43,6.696,1.6368,7.05,5
UTC,1.0,1.1625,6.06,2.75,3.31,4.442,1.2643,4.56,5
UTC,0.83,1.2417,9.94,2.12,7.82,6.1717,2.9641,6.24,6
UTC,0.8,0.7726,8.44,3.39,5.05,5.342,2.511,3.71,5
UTC,0.8,0.1967,8.46,5.52,2.94,7.358,1.1191,7.41,5
UTC,0.25,0.0693,11.48,9.42,2.06,10.4625,0.8546,10.475,4
UTC,0.67,0.0001,6.9,6.84,0.06,6.8767,0.0321,6.89,3
UTC,0.8,0.3141,6.23,3.54,2.69,5.258,1.0744,5.66,5
UTC,0.67,0.1093,7.37,3.31,4.06,5.7067,1.8956,6.48,6
UTC,0.8,0.4646,7.13,4.71,2.42,5.76,0.9774,6.0,5
UTC,0.8,0.2772,10.35,6.3,4.05,8.038,1.8755,7.39,5
UTC,0.8,0.5872,9.23,4.13,5.1,7.062,1.9506,7.42,5
UTC,0.75,0.789,8.09,4.11,3.98,5.8175,1.9315,5.535,4
UTC,0.5,0.0979,10.12,4.24,5.88,8.055,2.7344,8.93,4
UTC,1.0,0.2769,10.39,2.86,7.53,7.498,3.586,9.85,5
UTC,0.5,0.2044,10.79,6.96,3.83,9.145,1.6598,9.415,4
UTC,0.6,0.8115,10.81,4.02,6.79,7.454,3.0211,8.83,5
UTC,0.25,0.1189,10.43,8.09,2.34,9.065,0.9881,8.87,4
UTC,0.5,0.0683,10.55,7.55,3.0,9.5117,1.0531,9.675,6
UTC,0.6,0.0542,10.88,9.24,1.64,9.848,0.6249,9.77,5
UTC,0.4,0.3375,8.94,4.25,4.69,7.348,1.8221,7.62,5
UTC,0.5,0.0111,7.33,3.83,3.5,5.8883,1.5907,6.29,6
UTC,0.6,0.1193,12.15,9.6,2.55,10.516,1.0419,10.26,5
UTC,0.4,0.5069,11.55,4.57,6.98,9.048,2.643,9.78,5
UTC,1.0,0.0664,10.03,6.64,3.39,8.3767,1.4778,8.51,6
UTC,0.5,0.7813,11.47,4.48,6.99,7.9825,2.9917,7.99,4
UTC,0.67,1.1428,9.09,3.44,5.65,6.0283,2.1316,6.22,6
UTC,0.4,0.1449,9.38,4.44,4.94,7.866,1.9898,8.2,5
UTC,0.8,0.1037,6.29,3.86,2.43,5.566,0.9891,5.88,5
UTC,0.4,0.0104,6.66,6.01,0.65,6.362,0.2797,6.34,5
UTC,0.83,0.9304,8.31,3.76,4.55,5.8167,1.6242,6.135,6
UTC,0.5,0.295,8.93,4.1,4.83,7.4783,1.7369,8.085,6
UTC,0.0,0.0535,9.85,8.33,1.52,9.0567,0.7622,8.99,3
UTC,0.5,0.1819,10.91,8.1,2.81,9.1725,1.3522,8.84,4
UTC,0.0,0.0527,13.04,10.06,2.98,11.23,1.5897,10.59,3
UTC,0.4,0.0353,11.26,9.85,1.41,10.314,0.5516,10.11,5
UTC,0.4,0.1799,15.14,10.5,4.64,12.524,1.7544,12.09,5
UTC,0.5,0.044,12.92,9.9,3.02,11.4167,1.1842,11.25,6
UTC,0.6,0.0082,12.62,10.12,2.5,11.356,1.1653,10.91,5
UTC,0.5,0.6681,8.76,4.83,3.93,6.5283,1.4229,6.44,6
UTC,0.5,0.0855,11.21,8.18,3.03,9.68,1.5556,9.665,4
UTC,0.6,0.1136,13.65,8.49,5.16,11.194,2.1688,10.59,5
UTC,0.5,0.2294,8.33,5.22,3.11,6.9133,1.1891,6.905,6
UTC,0.25,0.0634,13.94,11.1,2.84,12.0675,1.2849,11.615,4
UTC,0.5,0.0624,9.62,5.83,3.79,8.2733,1.51,8.82,6
UTC,0.4,0.0658,15.19,8.7,6.49,12.596,2.9076,13.88,5
UTC,0.5,0.1586,14.45,9.9,4.55,11.7575,1.9241,11.34,4
UTC,0.4,0.2686,11.73,7.54,4.19,9.628,1.5671,9.44,5
UTC,0.25,0.1543,13.43,9.74,3.69,11.0075,1.7283,10.43,4
UTC,0.4,0.1628,12.82,9.64,3.18,10.736,1.3056,10.06,5
UTC,0.4,0.6608,14.27,5.35,8.92,9.956,3.2522,9.48,5
UTC,0.5,0.0722,12.64,9.78,2.86,11.55,1.2328,11.89,4
UTC,0.8,0.1232,13.36,4.58,8.78,10.704,3.5634,11.6,5
UTC,0.25,0.0627,13.43,10.9,2.53,12.05,1.2186,11.935,4
UTC,0.2,0.1967,14.34,10.03,4.31,11.752,1.6928,11.08,5
UTC,0.2,0.0341,12.96,11.12,1.84,12.132,0.7076,12.4,5
UTC,0.5,0.7501,11.7,5.49,6.21,8.0167,2.3476,7.915,6
UTC,1.0,0.4271,13.24,7.21,6.03,9.935,2.2534,10.39,6
UTC,0.5,0.4576,13.15,7.12,6.03,9.3375,2.7856,8.54,4
UTC,0.5,0.706,10.43,4.81,5.62,7.425,1.9518,7.715,6
UTC,0.4,0.1612,12.57,7.86,4.71,10.532,1.9743,11.23,5
UTC,0.5,0.0899,13.24,9.51,3.73,11.56,1.699,11.745,4
UTC,0.2,0.0652,14.08,11.71,2.37,12.498,0.978,12.27,5
UTC,0.83,0.0701,13.59,11.26,2.33,12.1533,0.9001,11.965,6
UTC,0.2,0.1172,13.06,9.39,3.67,11.326,1.4146,10.98,5
UTC,0.83,0.5698,12.6,6.33,6.27,9.0133,2.1109,8.46,6
UTC,0.5,0.2417,9.47,4.91,4.56,7.93,1.5876,8.155,6
UTC,0.6,0.3296,14.62,8.6,6.02,11.068,2.2346,10.33,5
UTC,0.4,0.1456,14.28,10.53,3.75,12.07,1.524,11.59,5
UTC,0.6,0.6595,12.66,5.41,7.25,8.116,2.7275,7.5,5
UTC,0.5,0.3202,9.86,6.35,3.51,8.0583,1.1726,8.02,6
UTC,0.5,0.0579,9.16,5.21,3.95,8.1033,1.4715,8.525,6
UTC,0.5,0.2825,14.18,8.2,5.98,10.5675,2.5522,9.945,4
UTC,1.0,0.0307,12.03,10.54,1.49,11.145,0.6332,11.005,4
UTC,0.25,0.014,10.83,9.21,1.62,10.325,0.7521,10.63,4
UTC,0.4,0.1047,11.39,6.88,4.51,10.136,1.8427,10.81,5
UTC,0.4,0.0033,13.23,10.21,3.02,11.898,1.344,11.88,5
UTC,0.6,0.1641,14.6,10.18,4.42,11.49,1.8095,10.93,5
UTC,0.67,0.008,13.32,12.02,1.3,12.5167,0.7022,12.21,3
UTC,0.25,0.0158,10.67,9.79,0.88,10.0975,0.3998,9.965,4
UTC,0.25,0.0798,12.0,9.11,2.89,10.105,1.29,9.655,4
UTC,0.4,0.2101,12.17,8.47,3.7,10.152,1.4604,10.54,5
UTC,0.83,0.8507,9.88,5.3,4.58,6.745,1.8151,5.975,6
UTC,0.2,0.5778,13.48,5.96,7.52,9.72,2.6875,9.43,5
UTC,0.5,0.3231,9.65,5.69,3.96,7.9167,1.3385,8.005,6
UTC,0.5,0.279,7.12,3.15,3.97,6.1267,1.4785,6.68,6
UTC,0.5,0.2666,10.18,6.2,3.98,8.56,1.7042,8.93,4
UTC,1.0,0.2597,12.72,8.44,4.28,10.128,1.6267,9.84,5
UTC,0.5,0.1271,7.8,3.19,4.61,6.1217,1.8647,6.42,6
UTC,0.5,1.1878,10.78,3.14,7.64,6.4033,2.9172,5.485,6
UTC,0.5,0.3151,9.6,6.12,3.48,7.7667,1.2704,7.57,6
UTC,0.67,0.4413,8.74,5.78,2.96,6.88,1.106,6.635,6
UTC,0.4,0.1232,6.64,2.75,3.89,5.416,1.5945,5.91,5
UTC,0.4,0.2903,14.71,9.01,5.7,11.552,2.1533,11.0,5
UTC,0.67,0.3306,8.06,5.46,2.6,6.7017,0.9115,6.72,6
UTC,0.5,1.1915,7.62,3.47,4.15,5.18,1.5594,5.025,6
UTC,0.75,0.1833,13.82,9.02,4.8,10.62,2.1909,9.82,4
UTC,0.75,0.328,8.23,5.52,2.71,6.4675,1.2321,6.06,4
UTC,0.6,0.1529,13.52,9.59,3.93,10.788,1.5752,10.15,5
UTC,0.6,0.2751,14.34,8.86,5.48,10.702,2.147,10.06,5
UTC,0.75,0.0294,12.13,10.31,1.82,11.2225,0.8922,11.225,4
UTC,0.5,0.1098,15.39,11.36,4.03,13.4075,1.6546,13.44,4
UTC,0.25,0.1252,10.65,8.2,2.45,9.2975,1.1614,9.17,4
UTC,0.83,0.3748,11.55,3.78,7.77,8.28,3.3338,9.425,6
UTC,0.5,0.1,13.58,9.68,3.9,10.84,1.8502,10.05,4
UTC,0.25,0.0457,13.75,11.01,2.74,11.8425,1.2863,11.305,4
UTC,0.6,0.1111,13.3,10.18,3.12,11.644,1.1557,11.7,5
UTC,0.6,0.6214,12.92,6.16,6.76,9.074,2.6354,8.71,5
UTC,0.8,0.0075,10.72,8.78,1.94,10.206,0.8088,10.47,5
UTC,0.5,0.4086,13.6,6.56,7.04,10.7275,2.9697,11.375,4
UTC,0.5,0.1912,11.75,7.93,3.82,9.9775,1.6364,10.115,4
UTC,0.4,0.104,7.78,6.21,1.57,7.138,0.5741,7.2,5
UTC,0.8,0.7329,8.61,3.87,4.74,6.168,1.9191,5.6,5
UTC,1.0,0.0054,6.78,5.03,1.75,6.2867,0.6487,6.415,6
UTC,0.33,0.4633,10.95,5.74,5.21,8.4,2.6067,8.51,3
UTC,0.83,0.4418,15.72,7.75,7.97,10.3133,2.8554,9.78,6
UTC,0.5,0.2539,12.7,7.91,4.79,10.4025,2.0474,10.5,4
UTC,0.5,0.5004,11.3,5.35,5.95,8.4483,2.1202,8.4,6
UTC,0.5,0.3582,9.33,4.92,4.41,7.65,1.9217,8.175,4
UTC,0.4,0.1078,12.54,9.31,3.23,10.892,1.4389,11.24,5
UTC,0.4,0.0974,12.71,9.82,2.89,10.782,1.1219,10.37,5
UTC,0.33,0.0184,11.74,10.12,1.62,11.12,0.8743,11.5,3
UTC,0.4,0.13,13.2,9.39,3.81,10.518,1.532,9.96,5
UTC,0.4,0.2029,12.82,9.09,3.73,10.61,1.5212,10.41,5
UTC,0.75,0.0403,9.15,8.0,1.15,8.43,0.5033,8.285,4
UTC,0.25,0.3636,14.51,6.1,8.41,11.51,3.7051,12.715,4
UTC,1.0,0.4261,9.41,4.15,5.26,7.49,1.814,7.76,6
UTC,0.6,0.4435,8.2,4.36,3.84,6.764,1.4411,7.05,5
UTC,0.5,0.1109,9.67,6.98,2.69,7.8225,1.2438,7.32,4
UTC,0.67,0.0889,7.22,5.64,1.58,6.4783,0.6832,6.65,6
UTC,1.0,0.1379,12.05,8.44,3.61,10.505,1.5473,10.765,4
UTC,0.33,0.153,9.39,6.23,3.16,8.1633,1.1115,8.36,6
UTC,0.2,0.2138,8.25,5.94,2.31,7.044,0.939,6.9,5
UTC,0.5,0.1091,12.98,9.81,3.17,10.9475,1.4149,10.5,4
UTC,0.5,0.195,13.53,9.89,3.64,11.1433,1.3614,10.545,6
UTC,0.8,0.0479,13.4,9.16,4.24,11.72,1.8274,12.39,5
UTC,0.33,0.2032,12.12,7.7,4.42,10.22,2.2743,10.84,3
UTC,0.25,0.1217,12.78,9.21,3.57,10.495,1.5721,9.995,4
UTC,0.8,0.2225,14.41,9.44,4.97,11.582,1.8095,11.2,5
UTC,0.33,0.1081,8.31,4.77,3.54,6.835,1.464,7.21,6
UTC,0.25,0.0588,12.8,6.75,6.05,10.6175,2.813,11.46,4
UTC,0.2,0.2942,15.17,9.66,5.51,11.64,2.3269,10.5,5
UTC,0.4,0.4231,11.74,6.15,5.59,9.286,2.0519,9.86,5
UTC,0.2,0.2359,15.27,9.17,6.1,12.26,2.4042,12.45,5
UTC,0.5,0.0123,13.21,10.4,2.81,11.89,1.4831,11.975,4
UTC,0.5,0.094,9.28,6.0,3.28,6.88,1.6027,6.12,4
UTC,0.5,0.0644,13.45,10.6,2.85,12.2075,1.2184,12.39,4
UTC,0.5,0.2987,14.91,8.19,6.72,11.3125,3.2663,11.075,4
UTC,0.75,0.0014,10.5,10.1,0.4,10.3325,0.1846,10.365,4
UTC,0.0,0.0387,14.95,12.34,2.61,13.4733,1.3384,13.13,3
UTC,0.5,0.1151,11.76,7.07,4.69,9.6517,1.791,9.45,6
UTC,1.0,0.152,13.6,10.06,3.54,11.414,1.4248,11.44,5
UTC,0.2,0.1504,15.33,10.64,4.69,12.838,1.9362,12.89,5
UTC,0.5,0.1056,13.37,10.27,3.1,11.38,1.4082,10.94,4
UTC,0.5,0.0472,13.81,11.6,2.21,12.5575,1.0859,12.41,4
UTC,0.5,0.1667,14.0,9.97,4.03,11.675,1.8165,11.365,4
UTC,0.25,0.0368,22.06,17.17,4.89,19.845,2.1969,20.075,4
UTC,0.25,0.0002,18.42,17.03,1.39,17.935,0.6539,18.145,4
UTC,0.0,0.0015,20.46,19.02,1.44,19.5367,0.8015,19.13,3
UTC,0.0,0.005,21.22,19.76,1.46,20.4867,0.73,20.48,3
UTC,0.0,0.015,22.25,19.49,2.76,20.7867,1.3875,20.62,3
UTC,1.0,0.0443,20.43,18.89,1.54,19.66,1.0889,19.66,2
UTC,0.25,0.0163,20.12,17.69,2.43,19.0075,1.0151,19.11,4
UTC,1.0,0.0136,19.49,16.0,3.49,18.25,1.5781,18.755,4
UTC,0.25,0.0899,22.09,16.38,5.71,18.59,2.7569,17.945,4
UTC,0.0,0.0474,21.53,17.33,4.2,19.18,1.935,18.93,4
UTC,0.0,0.0805,21.59,15.82,5.77,18.605,2.3594,18.505,4
UTC,0.4,0.0098,21.24,18.71,2.53,20.256,0.9598,20.32,5
UTC,0.0,0.0013,21.03,20.16,0.87,20.67,0.454,20.82,3
UTC,0.0,0.0006,23.7,22.82,0.88,23.075,0.4183,22.89,4
UTC,1.0,0.0038,24.21,17.5,6.71,21.9433,3.8483,24.12,3
UTC,0.5,0.0191,22.98,19.01,3.97,20.98,1.9952,20.965,4
UTC,0.5,0.0539,19.23,11.88,7.35,16.9825,3.4292,18.41,4
UTC,0.5,0.0187,24.35,21.05,3.3,22.3025,1.4449,21.905,4
UTC,0.67,0.024,25.29,21.03,4.26,23.3167,2.1472,23.63,3
UTC,0.67,0.0339,21.38,17.51,3.87,19.36,1.9406,19.19,3
UTC,0.0,0.016,19.95,19.42,0.53,19.685,0.3748,19.685,2
UTC,0.75,0.0039,20.64,18.91,1.73,19.8525,0.8248,19.93,4
UTC,0.0,0.033,19.44,18.4,1.04,18.92,0.7354,18.92,2
UTC,0.5,0.0468,19.1,15.34,3.76,17.3875,1.553,17.555,4
UTC,0.33,0.0198,20.74,16.56,4.18,18.1333,2.2735,17.1,3
UTC,0.6,0.0114,22.14,18.95,3.19,21.17,1.2645,21.59,5
UTC,0.0,0.1095,19.39,15.96,3.43,17.675,2.4254,17.675,2
UTC,0.0,0.1143,19.63,15.96,3.67,17.795,2.5951,17.795,2
UTC,0.0,0.0233,19.63,16.32,3.31,18.27,1.7321,18.86,3
UTC,1.0,0.0054,21.27,19.19,2.08,19.9933,1.1179,19.52,3
UTC,0.0,0.1066,20.21,16.58,3.63,18.395,2.5668,18.395,2
UTC,0.5,0.01,21.89,16.03,5.86,19.5975,2.7812,20.235,4
UTC,0.25,0.0421,21.29,17.42,3.87,19.155,1.6738,18.955,4
UTC,0.8,0.0321,22.82,17.86,4.96,20.476,2.1341,20.91,5
UTC,1.0,0.7422,9.44,3.87,5.57,6.9567,2.8336,7.56,3
UTC,0.83,1.4457,12.8,2.46,10.34,6.9333,3.9498,6.285,6
UTC,0.67,1.0576,11.19,3.53,7.66,6.4133,3.2554,5.24,6
UTC,0.4,0.3009,11.73,4.47,7.26,8.356,3.5705,9.87,5
UTC,0.5,0.2872,9.58,5.37,4.21,8.105,1.8679,8.735,4
UTC,0.33,0.0992,8.99,7.2,1.79,8.09,0.895,8.08,3
UTC,0.8,1.0923,8.18,2.0,6.18,3.74,2.5152,2.89,5
UTC,0.5,1.0,11.56,3.8,7.76,7.125,3.8447,6.57,4
UTC,0.67,0.7871,10.13,3.46,6.67,7.27,3.435,8.22,3
UTC,0.67,1.1224,9.35,1.99,7.36,6.28,3.8287,7.5,3
UTC,0.0,0.0478,8.23,7.96,0.27,8.095,0.1909,8.095,2
UTC,0.4,0.734,11.82,3.24,8.58,7.8,4.1935,10.25,5
UTC,0.5,0.3291,9.11,3.36,5.75,7.0975,2.6115,7.96,4
UTC,1.0,0.0346,5.57,3.02,2.55,4.335,1.4164,4.375,4
UTC,0.6,0.5033,12.34,4.0,8.34,9.386,3.2261,10.5,5
UTC,0.67,1.0578,11.92,2.46,9.46,6.62,4.3087,6.22,6
UTC,0.67,0.0996,10.49,8.22,2.27,9.32,1.1366,9.25,3
UTC,0.8,1.1965,9.1,2.36,6.74,4.4,2.685,3.36,5
UTC,0.75,0.5136,10.01,3.54,6.47,7.8325,2.9129,8.89,4
UTC,0.25,0.0235,11.15,9.26,1.89,10.5,0.8541,10.795,4
UTC,0.8,1.2498,11.36,3.51,7.85,6.636,3.324,4.97,5
UTC,0.83,2.0259,10.21,2.52,7.69,4.8033,2.873,3.655,6
UTC,0.33,0.045,10.02,8.29,1.73,9.32,0.911,9.65,3
UTC,1.0,0.0663,7.49,7.18,0.31,7.335,0.2192,7.335,2
UTC,0.5,0.1634,9.58,8.33,1.25,8.955,0.8839,8.955,2
UTC,0.0,0.0001,9.82,9.82,0.0,9.82,,9.82,1
UTC,1.0,0.0956,9.82,7.87,1.95,8.7675,0.8013,8.69,4
UTC,0.8,0.4025,10.17,3.72,6.45,7.258,3.2151,9.01,5
UTC,0.6,0.6987,12.11,4.28,7.83,8.82,2.8606,8.96,5
UTC,0.8,0.5977,11.62,4.01,7.61,8.712,2.8594,9.14,5
UTC,0.5,0.2156,10.48,3.26,7.22,6.8275,4.0465,6.785,4
UTC,0.5,0.0654,11.83,8.9,2.93,9.8,1.3639,9.235,4
UTC,0.33,0.0629,11.21,8.4,2.81,10.1367,1.5179,10.8,3
UTC,0.8,0.0437,11.59,10.04,1.55,10.734,0.6574,10.95,5
UTC,0.33,0.0606,10.05,8.28,1.77,9.27,0.9035,9.48,3
UTC,0.5,0.2263,10.01,8.12,1.89,9.065,1.3364,9.065,2
UTC,1.0,0.0001,8.08,8.08,0.0,8.08,,8.08,1
UTC,0.75,0.2099,9.67,6.53,3.14,8.3025,1.3424,8.505,4
UTC,0.33,0.0665,12.02,9.47,2.55,10.94,1.319,11.33,3
UTC,0.0,0.0001,9.72,9.72,0.0,9.72,,9.72,1
UTC,0.67,0.1084,9.19,2.81,6.38,4.9867,3.641,2.96,3
UTC,0.75,0.5225,7.84,2.43,5.41,5.99,2.4514,6.845,4
UTC,0.75,1.0787,9.05,3.48,5.57,5.9775,2.5964,5.69,4
UTC,0.5,0.2645,11.51,8.59,2.92,10.05,2.0648,10.05,2
UTC,0.67,0.0724,9.35,7.46,1.89,8.2433,0.9856,7.92,3
UTC,0.5,0.6678,10.73,4.65,6.08,7.8275,2.6066,7.965,4
UTC,0.5,0.2294,9.97,8.07,1.9,9.02,1.3435,9.02,2
UTC,0.0,0.0517,10.33,9.87,0.46,10.1,0.3253,10.1,2
UTC,0.5,0.1564,10.51,9.07,1.44,9.79,1.0182,9.79,2
UTC,1.0,0.1148,9.29,7.02,2.27,7.9833,1.1733,7.64,3
UTC,0.67,0.0336,10.13,7.99,2.14,9.35,1.182,9.93,3
UTC,1.0,0.8008,11.35,4.02,7.33,6.985,2.9954,5.73,6
UTC,0.5,0.4563,12.3,4.79,7.51,9.2875,3.2748,10.03,4
UTC,1.0,0.0188,8.99,5.85,3.14,7.916,1.314,8.35,5
UTC,0.33,0.0114,9.75,9.05,0.7,9.4233,0.3523,9.47,3
UTC,0.5,0.1163,11.63,8.16,3.47,10.1925,1.5206,10.49,4
UTC,1.0,1.2282,9.7,3.25,6.45,5.934,2.7584,4.8,5
UTC,0.5,0.2087,11.16,4.67,6.49,9.235,3.0579,10.555,4
UTC,0.0,0.1426,11.82,10.16,1.66,10.99,1.1738,10.99,2
UTC,0.8,0.9518,11.42,2.96,8.46,5.054,3.6039,3.34,5
UTC,0.67,0.1813,9.56,6.84,2.72,8.3,1.371,8.5,3
UTC,1.0,1.4911,6.61,1.92,4.69,4.5467,2.3952,5.11,3
UTC,1.0,0.0022,5.42,5.26,0.16,5.3567,0.085,5.39,3
UTC,0.5,0.297,11.21,8.1,3.11,9.655,2.1991,9.655,2
UTC,0.8,0.5141,9.72,4.17,5.55,7.152,2.6713,8.63,5
UTC,0.5,0.3065,12.87,8.64,4.23,10.755,2.9911,10.755,2
UTC,0.5,0.5677,10.87,5.28,5.59,8.075,3.9527,8.075,2
UTC,1.0,0.3904,3.51,2.2,1.31,3.03,0.4729,3.15,6
UTC,1.0,0.5805,10.34,4.79,5.55,7.8167,2.809,8.32,3
UTC,0.33,0.6911,11.02,4.16,6.86,7.9967,3.5016,8.81,3
UTC,0.5,0.2054,8.16,7.02,1.14,7.59,0.8061,7.59,2
UTC,0.75,0.0066,9.55,7.91,1.64,8.7425,0.9158,8.755,4
UTC,0.0,0.0079,10.92,10.15,0.77,10.5967,0.3995,10.72,3
UTC,0.5,0.0268,8.47,8.31,0.16,8.39,0.1131,8.39,2
UTC,0.8,0.0687,9.0,4.09,4.91,6.696,2.1777,5.93,5
UTC,0.6,0.1277,11.79,9.08,2.71,10.12,1.045,10.05,5
UTC,1.0,0.2817,8.72,7.53,1.19,7.9267,0.687,7.53,3
UTC,0.75,1.2159,7.12,3.0,4.12,4.9375,1.7113,4.815,4
UTC,0.5,0.111,7.78,7.22,0.56,7.5,0.396,7.5,2
UTC,1.0,0.1619,5.93,4.41,1.52,5.32,0.8032,5.62,3
UTC,0.5,0.1845,10.04,8.49,1.55,9.265,1.096,9.265,2
UTC,1.0,0.0061,9.85,9.34,0.51,9.5933,0.255,9.59,3
UTC,0.5,0.3172,10.1,4.45,5.65,7.8425,2.5549,8.41,4
UTC,1.0,0.0398,3.61,3.17,0.44,3.426,0.1802,3.45,5
UTC,0.5,0.3384,10.27,5.09,5.18,8.425,2.2914,9.17,4
UTC,0.67,0.3454,8.85,4.66,4.19,7.1933,2.2283,8.07,3
UTC,0.5,0.118,7.13,6.63,0.5,6.88,0.3536,6.88,2
UTC,0.0,0.0,10.75,10.75,0.0,10.75,,10.75,1
UTC,0.5,0.0614,10.92,10.31,0.61,10.615,0.4313,10.615,2
UTC,0.0,0.0001,8.31,8.31,0.0,8.31,,8.31,1
UTC,0.0,0.0551,9.96,8.37,1.59,9.22,0.8007,9.33,3
UTC,0.0,0.0001,7.09,7.09,0.0,7.09,,7.09,1
UTC,0.0,0.0001,9.99,9.99,0.0,9.99,,9.99,1
UTC,0.5,0.2364,11.31,8.79,2.52,10.05,1.7819,10.05,2
UTC,0.67,0.0119,10.19,9.39,0.8,9.7433,0.4081,9.65,3
UTC,0.6,0.613,12.08,3.74,8.34,9.222,3.1866,10.12,5
UTC,0.0,0.0499,19.0,18.0,1.0,18.3333,0.5774,18.0,3
UTC,0.25,0.042,19.0,15.0,4.0,17.5,1.7321,18.0,4
UTC,0.0,0.0544,21.0,19.0,2.0,20.0,1.4142,20.0,2
UTC,0.5,0.0001,9.0,9.0,0.0,9.0,0.0,9.0,2
UTC,0.33,0.0444,23.0,18.0,5.0,20.6667,2.5166,21.0,3
UTC,0.5,0.1481,18.0,14.0,4.0,16.0,2.8284,16.0,2
UTC,0.0,0.1224,21.0,18.0,3.0,19.0,1.7321,18.0,3
UTC,0.2,0.0566,18.0,14.0,4.0,16.2,1.4832,16.0,5
UTC,0.0,0.0296,23.0,19.0,4.0,21.0,2.0,21.0,3
UTC,0.17,0.0001,19.0,14.0,5.0,17.0,2.0976,17.5,6
UTC,0.6,0.2625,20.0,10.0,10.0,14.6,4.219,13.0,5
UTC,0.0,0.07,19.0,13.0,6.0,17.0,2.3452,18.0,5
UTC,0.29,0.0952,21.0,11.0,10.0,17.1429,3.2878,18.0,7
UTC,0.25,0.107,18.0,13.0,5.0,15.5,2.0817,15.5,4
UTC,0.0,0.15,20.0,12.0,8.0,16.8,3.0332,18.0,5
UTC,0.0,0.0733,22.0,17.0,5.0,19.0,2.0,18.0,5
UTC,0.2,0.2219,23.0,7.0,16.0,18.0,6.3246,20.0,5
UTC,0.2,0.015,20.0,18.0,2.0,18.8,0.8367,19.0,5
UTC,0.0,0.0332,19.0,18.0,1.0,18.5,0.7071,18.5,2
UTC,0.6,0.0002,19.0,10.0,9.0,15.6,3.7148,15.0,5
UTC,0.0,0.3514,25.0,6.0,19.0,16.8,8.2885,21.0,5
UTC,0.25,0.0823,18.0,12.0,6.0,16.0,2.708,17.0,4
UTC,0.0,0.0104,21.0,19.0,2.0,20.0,0.8165,20.0,4
UTC,0.17,0.0001,18.0,12.0,6.0,16.5,2.3452,17.5,6
UTC,0.2,0.0326,24.0,18.0,6.0,19.8,2.3875,19.0,5
UTC,0.0,0.112,19.0,10.0,9.0,16.25,4.1932,18.0,4
UTC,0.0,0.0293,22.0,18.0,4.0,20.25,1.7078,20.5,4
UTC,0.17,0.0001,19.0,16.0,3.0,18.0,1.0954,18.0,6
UTC,0.4,0.1944,21.0,11.0,10.0,16.6,4.0373,18.0,5
UTC,0.4,0.2187,19.0,10.0,9.0,15.2,3.4205,16.0,5
UTC,0.5,0.977,17.0,3.0,14.0,10.0,5.9442,10.0,4
UTC,0.5,0.189,20.0,10.0,10.0,16.1667,3.6009,17.5,6
UTC,0.0,0.0311,21.0,17.0,4.0,19.3333,1.3663,19.5,6
UTC,0.6,0.0002,15.0,10.0,5.0,12.8,2.1679,12.0,5
UTC,0.33,0.0002,19.0,10.0,9.0,16.0,3.9497,18.0,6
UTC,0.0,0.0577,19.0,15.0,4.0,16.8333,1.7224,17.0,6
UTC,0.2,0.0907,21.0,12.0,9.0,17.8,3.4928,18.0,5
UTC,0.0,0.0001,20.0,16.0,4.0,18.4,1.6733,18.0,5
UTC,0.43,0.0002,17.0,6.0,11.0,14.1429,3.8483,15.0,7
UTC,0.25,0.0001,18.0,14.0,4.0,16.25,2.0616,16.5,4
UTC,0.5,0.0001,20.0,15.0,5.0,18.25,2.3629,19.0,4
UTC,0.0,0.0,18.0,16.0,2.0,17.5,1.0,18.0,4
UTC,0.33,0.0845,22.0,11.0,11.0,18.0,6.0828,21.0,3
UTC,0.0,0.0001,18.0,16.0,2.0,17.25,0.9574,17.5,4
UTC,1.0,0.1852,18.0,13.0,5.0,15.5,3.5355,15.5,2
UTC,0.25,0.096,20.0,14.0,6.0,17.5,2.5166,18.0,4
UTC,0.4,0.0001,20.0,14.0,6.0,18.0,2.5495,19.0,5
UTC,0.0,0.0415,17.0,16.0,1.0,16.5,0.7071,16.5,2
UTC,0.67,0.0001,19.0,13.0,6.0,17.0,3.4641,19.0,3
UTC,0.4,0.216,18.0,10.0,8.0,14.6,2.9665,15.0,5
UTC,0.0,0.384,20.0,3.0,17.0,13.75,7.5884,16.0,4
UTC,0.67,0.0617,18.0,13.0,5.0,15.0,2.6458,14.0,3
UTC,0.75,0.1893,22.0,10.0,12.0,17.5,5.2599,19.0,4
UTC,0.25,0.0823,18.0,12.0,6.0,16.0,2.708,17.0,4
UTC,0.4,0.0001,19.0,13.0,6.0,17.4,2.51,18.0,5
UTC,0.17,0.0002,17.0,10.0,7.0,15.1667,2.6394,16.0,6
UTC,0.4,0.315,20.0,8.0,12.0,14.0,5.6569,16.0,5
UTC,0.5,0.1406,16.0,9.0,7.0,13.75,3.2016,15.0,4
UTC,0.0,0.0583,21.0,16.0,5.0,18.6667,2.5166,19.0,3
UTC,0.2,0.0002,17.0,10.0,7.0,15.0,3.0822,17.0,5
UTC,0.5,0.336,20.0,6.0,14.0,13.5,6.6081,14.0,4
UTC,0.5,0.0003,18.0,8.0,10.0,13.25,5.5,13.5,4
UTC,1.0,0.0992,11.0,10.0,1.0,10.5,0.7071,10.5,2
UTC,0.0,0.0782,18.0,13.0,5.0,15.5,2.3805,15.5,4
UTC,0.33,0.0521,24.0,18.0,6.0,21.3333,3.0551,22.0,3
UTC,0.17,0.2021,16.0,6.0,10.0,12.8333,3.6009,14.0,6
UTC,0.0,0.0992,22.0,18.0,4.0,20.0,2.8284,20.0,2
UTC,0.0,0.0293,22.0,18.0,4.0,20.25,1.7078,20.5,4
UTC,0.4,0.15,20.0,12.0,8.0,16.8,3.0332,18.0,5
UTC,0.33,0.0002,18.0,10.0,8.0,15.1667,3.3714,16.5,6
UTC,0.6,0.135,20.0,12.0,8.0,17.2,3.0332,18.0,5
UTC,0.5,0.0002,15.0,10.0,5.0,13.0,2.4495,13.5,4
UTC,0.4,0.195,20.0,11.0,9.0,16.0,3.5355,17.0,5
UTC,0.0,0.0001,18.0,16.0,2.0,17.4,0.8944,18.0,5
UTC,0.33,0.1575,19.0,6.0,13.0,14.3333,7.2342,18.0,3
UTC,0.8,0.48,15.0,6.0,9.0,9.6,3.2863,9.0,5
UTC,0.5,0.0741,18.0,13.0,5.0,15.75,2.2174,16.0,4
UTC,0.25,0.1481,18.0,12.0,6.0,15.0,2.582,15.0,4
UTC,0.0,0.091,19.0,12.0,7.0,16.25,3.0957,17.0,4
UTC,0.5,0.12,10.0,9.0,1.0,9.5,0.7071,9.5,2
UTC,0.33,0.0463,18.0,14.0,4.0,16.3333,2.0817,17.0,3
UTC,0.17,0.0926,18.0,12.0,6.0,15.5,2.0736,15.5,6
UTC,0.5,0.3281,16.0,9.0,7.0,12.5,4.9497,12.5,2
UTC,0.0,0.0001,20.0,17.0,3.0,19.0,1.7321,20.0,3
UTC,0.75,0.168,20.0,5.0,15.0,9.25,7.1822,6.0,4
UTC,0.2,0.2073,21.0,11.0,10.0,16.2,4.4385,18.0,5
UTC,0.0,0.0617,18.0,14.0,4.0,16.0,2.0,16.0,3
UTC,0.33,0.0001,18.0,15.0,3.0,17.0,1.7321,18.0,3
UTC,0.0,0.045,20.0,16.0,4.0,18.0,2.0,18.0,3
UTC,0.0,0.1099,17.0,12.0,5.0,14.3333,2.5166,14.0,3
UTC,0.4,0.1538,20.0,8.0,12.0,15.4,5.1769,18.0,5
UTC,0.0,0.0938,16.0,14.0,2.0,15.0,1.4142,15.0,2
UTC,0.17,0.0002,18.0,8.0,10.0,15.5,3.8341,17.0,6
UTC,0.5,0.0002,18.0,10.0,8.0,15.75,3.8622,17.5,4
UTC,0.6,0.1595,18.0,8.0,10.0,14.6,4.1593,17.0,5
UTC,0.0,0.028,19.0,16.0,3.0,17.75,1.2583,18.0,4
UTC,0.0,0.037,18.0,17.0,1.0,17.5,0.7071,17.5,2
UTC,0.25,0.0,19.0,18.0,1.0,18.5,0.5774,18.5,4
UTC,0.25,0.1152,18.0,10.0,8.0,15.5,3.6968,17.0,4
UTC,0.0,0.1111,18.0,16.0,2.0,16.6667,1.1547,16.0,3
UTC,0.5,0.0259,21.0,18.0,3.0,19.0,1.4142,18.5,4
UTC,0.5,0.0001,19.0,15.0,4.0,17.75,1.893,18.5,4
UTC,0.2,0.0514,18.0,15.0,3.0,16.0,1.4142,15.0,5
UTC,0.0,0.1111,18.0,16.0,2.0,16.6667,1.1547,16.0,3
UTC,0.0,0.3044,19.0,9.0,10.0,14.75,4.1932,15.5,4
UTC,0.8,0.2025,20.0,13.0,7.0,15.6,2.9665,15.0,5
UTC,0.5,0.0002,15.0,9.0,6.0,13.5,3.0,15.0,4
UTC,0.5,0.214,18.0,10.0,8.0,14.5,3.4157,15.0,4
UTC,0.8,0.3175,17.0,10.0,7.0,12.4,2.881,12.0,5
UTC,0.4,0.2881,18.0,9.0,9.0,13.6,3.9115,15.0,5
UTC,0.6,0.24,20.0,12.0,8.0,15.2,3.3466,16.0,5
UTC,0.8,0.2572,18.0,10.0,8.0,13.8,3.3466,14.0,5
UTC,0.83,0.105,19.0,13.0,6.0,15.6667,2.3381,15.0,6
UTC,0.6,0.0427,17.0,14.0,3.0,15.6,1.1402,16.0,5
UTC,0.4,0.0488,17.0,14.0,3.0,15.4,1.1402,15.0,5
UTC,0.5,0.0244,17.0,15.0,2.0,15.75,0.9574,15.5,4
UTC,0.5,0.091,19.0,14.0,5.0,16.5,2.0817,16.5,4
UTC,0.25,0.1026,17.0,11.0,6.0,14.75,2.63,15.5,4
UTC,0.5,0.0001,16.0,16.0,0.0,16.0,0.0,16.0,2
UTC,0.67,0.0002,17.0,9.0,8.0,14.3333,3.0111,15.0,6
UTC,0.6,0.0566,18.0,14.0,4.0,16.2,1.4832,16.0,5
UTC,1.0,0.4902,22.0,9.0,13.0,14.3333,4.8028,14.0,6
UTC,0.5,0.035,19.0,16.0,3.0,17.0,1.4142,16.5,4
UTC,0.4,0.1646,18.0,11.0,7.0,15.2,2.5884,16.0,5
UTC,0.67,0.0003,16.0,9.0,7.0,12.5,3.2711,12.5,6
UTC,0.5,0.0002,17.0,12.0,5.0,15.25,2.3629,16.0,4
UTC,0.5,0.2239,19.0,11.0,8.0,15.0,3.266,15.0,4
UTC,0.6,0.0794,17.0,13.0,4.0,14.8,1.7889,15.0,5
UTC,0.75,0.0002,15.0,10.0,5.0,12.5,2.8868,12.5,4
UTC,0.75,0.324,20.0,10.0,10.0,14.0,4.3205,13.0,4
UTC,0.6,0.0001,16.0,14.0,2.0,15.2,0.8367,15.0,5
UTC,0.8,0.1203,14.0,10.0,4.0,12.2,1.4832,12.0,5
UTC,0.5,0.1276,18.0,10.0,8.0,14.75,3.594,15.5,4
UTC,0.8,0.0875,14.0,11.0,3.0,12.4,1.1402,12.0,5
UTC,0.0,0.0617,18.0,14.0,4.0,15.25,1.893,14.5,4
UTC,0.67,0.5,18.0,9.0,9.0,12.0,5.1962,9.0,3
UTC,0.0,0.0001,18.0,15.0,3.0,16.75,1.5,17.0,4
UTC,0.5,0.1317,18.0,12.0,6.0,15.5,2.5166,16.0,4
UTC,0.25,0.0001,18.0,14.0,4.0,16.25,2.0616,16.5,4
UTC,0.75,0.0002,15.0,11.0,4.0,13.25,2.0616,13.5,4
UTC,0.8,0.0794,17.0,13.0,4.0,14.8,1.7889,15.0,5
UTC,0.4,0.1172,16.0,15.0,1.0,15.2,0.4472,15.0,5
UTC,0.75,0.1111,18.0,13.0,5.0,15.0,2.1602,14.5,4
UTC,0.25,0.044,17.0,14.0,3.0,15.5,1.291,15.5,4
UTC,0.4,0.1282,17.0,10.0,7.0,14.4,2.7019,15.0,5
UTC,0.4,0.0003,16.0,8.0,8.0,14.0,3.4641,16.0,5
UTC,0.33,0.1994,19.0,15.0,4.0,16.3333,2.3094,15.0,3
UTC,0.25,0.0412,18.0,15.0,3.0,16.25,1.5,16.0,4
UTC,0.4,0.1343,17.0,10.0,7.0,14.2,2.6833,14.0,5
UTC,0.17,0.0001,16.0,14.0,2.0,15.1667,0.7528,15.0,6
UTC,0.5,0.1975,18.0,11.0,7.0,14.25,3.304,14.0,4
UTC,0.25,0.0195,17.0,15.0,2.0,16.0,0.8165,16.0,4
UTC,0.33,0.0563,20.0,14.0,6.0,17.6667,3.2146,19.0,3
UTC,0.2,0.0412,18.0,15.0,3.0,16.0,1.2247,16.0,5
UTC,0.5,0.1661,17.0,15.0,2.0,15.5,1.0,15.0,4
UTC,0.6,0.0244,17.0,15.0,2.0,15.8,0.8367,16.0,5
UTC,0.67,0.1465,17.0,9.0,8.0,14.0,2.8284,14.5,6
UTC,0.25,0.0488,17.0,14.0,3.0,15.25,1.5,15.0,4
UTC,0.5,0.0001,16.0,14.0,2.0,15.25,0.9574,15.5,4
UTC,0.5,0.0488,17.0,14.0,3.0,15.25,1.5,15.0,4
UTC,0.8,0.2271,16.0,8.0,8.0,11.8,3.4928,10.0,5
UTC,0.5,0.144,18.0,10.0,8.0,13.75,4.3493,13.5,4
UTC,0.25,0.0741,18.0,17.0,1.0,17.25,0.5,17.0,4
UTC,0.25,0.1358,18.0,9.0,9.0,15.0,4.0825,16.5,4
UTC,0.6,0.1543,18.0,12.0,6.0,14.8,2.1679,15.0,5
UTC,0.6,0.0823,18.0,13.0,5.0,15.6,2.0736,16.0,5
UTC,0.5,0.127,17.0,10.0,7.0,14.25,3.0957,15.0,4
UTC,0.6,0.0001,14.0,12.0,2.0,13.2,0.8367,13.0,5
UTC,0.67,0.0659,16.0,12.0,4.0,14.3333,2.0817,15.0,3
UTC,0.33,0.0309,18.0,15.0,3.0,16.6667,1.5275,17.0,3
UTC,0.6,0.1955,18.0,11.0,7.0,14.6,2.6077,14.0,5
UTC,0.8,0.0003,16.0,10.0,6.0,12.4,3.2863,10.0,5
UTC,0.6,0.18,18.0,8.0,10.0,13.8,4.4944,16.0,5
UTC,0.6,0.3498,18.0,10.0,8.0,13.0,3.3166,13.0,5
UTC,0.2,0.0001,15.0,13.0,2.0,14.4,0.8944,15.0,5
UTC,0.6,0.0669,18.0,13.0,5.0,16.2,1.9235,17.0,5
UTC,0.2,0.39,20.0,9.0,11.0,14.4,4.0373,14.0,5
UTC,0.5,0.0002,15.0,10.0,5.0,13.0,2.4495,13.5,4
UTC,0.4,0.1852,18.0,11.0,7.0,14.8,2.5884,15.0,5
UTC,0.8,0.3419,17.0,7.0,10.0,13.0,3.7417,13.0,5
UTC,0.0,0.0,14.0,14.0,0.0,14.0,,14.0,1
UTC,1.0,0.1312,14.0,10.0,4.0,12.0,1.6733,12.5,6
UTC,0.75,0.0391,17.0,14.0,3.0,15.25,1.2583,15.0,4
UTC,0.67,0.5,18.0,9.0,9.0,12.0,5.1962,9.0,3
UTC,0.4,0.0,15.0,14.0,1.0,14.6,0.5477,15.0,5
UTC,0.0,0.0656,19.0,13.0,6.0,16.6667,3.2146,18.0,3
UTC,0.75,0.2551,18.0,9.0,9.0,14.0,3.9158,14.5,4
UTC,0.75,0.1778,15.0,8.0,7.0,12.5,3.1091,13.5,4
UTC,0.57,0.1333,16.0,10.0,6.0,13.2857,1.8898,13.0,7
UTC,0.0,0.0412,18.0,15.0,3.0,16.0,1.4142,15.5,4
UTC,0.33,0.0001,17.0,13.0,4.0,16.1667,1.6021,17.0,6
UTC,0.2,0.0003,16.0,7.0,9.0,13.6,3.7815,15.0,5
UTC,0.67,0.0002,16.0,10.0,6.0,13.5,2.51,13.5,6
UTC,0.0,0.0412,18.0,15.0,3.0,16.25,1.5,16.0,4
UTC,0.5,0.0001,17.0,14.0,3.0,15.75,1.5,16.0,4
UTC,0.0,0.064,15.0,12.0,3.0,13.5,1.291,13.5,4
UTC,0.6,0.0001,16.0,14.0,2.0,15.4,0.8944,16.0,5
UTC,0.8,0.1221,17.0,12.0,5.0,14.6,1.8166,15.0,5
UTC,0.75,0.1289,16.0,10.0,6.0,13.5,2.6458,14.0,4
UTC,0.25,0.0001,17.0,15.0,2.0,16.25,0.9574,16.5,4
UTC,0.0,0.0811,21.55,15.8,5.75,18.748,2.1191,19.01,5
UTC,0.0,0.048,21.34,16.96,4.38,18.9475,2.0864,18.745,4
UTC,0.2,0.144,21.82,11.83,9.99,18.288,3.8148,19.45,5
UTC,0.2,0.0617,23.86,18.31,5.55,20.892,2.156,21.04,5
UTC,0.0,0.0001,18.55,16.19,2.36,17.7633,1.3625,18.55,3
UTC,0.0,0.0132,20.96,18.75,2.21,19.84,0.9057,19.825,4
UTC,0.33,0.1554,21.79,13.25,8.54,17.988,3.0908,17.95,5
UTC,0.4,0.1897,19.84,9.3,10.54,16.498,4.1249,17.85,5
UTC,0.0,0.0182,22.11,19.05,3.06,20.6275,1.3568,20.675,4
UTC,0.0,0.0031,20.37,16.84,3.53,18.768,1.5402,18.37,5
UTC,0.0,0.0127,20.84,17.96,2.88,18.8475,1.3404,18.295,4
UTC,0.0,0.0085,19.51,16.9,2.61,18.388,1.0533,18.18,5
UTC,0.5,0.0949,21.92,14.86,7.06,18.304,3.0854,18.75,5
UTC,0.0,0.0662,21.1,16.31,4.79,18.478,1.7518,18.38,5
UTC,0.5,0.0239,22.95,19.64,3.31,21.1775,1.3987,21.06,4
UTC,0.4,0.0167,19.45,11.42,8.03,17.352,3.3595,18.33,5
UTC,0.33,0.0916,20.53,14.7,5.83,17.8575,2.4015,18.1,4
UTC,0.5,0.0133,17.61,11.12,6.49,14.712,3.2245,15.91,5
UTC,0.5,0.2082,21.02,12.87,8.15,15.935,3.7758,14.925,4
UTC,1.0,0.0956,20.44,13.17,7.27,17.294,3.0492,18.51,5
UTC,0.0,0.111,21.45,12.48,8.97,18.015,3.9371,19.065,4
UTC,0.4,0.0162,23.29,13.4,9.89,19.462,4.1078,19.7,5
UTC,0.5,0.0693,20.59,11.08,9.51,17.866,3.8924,19.59,5
UTC,0.0,0.0503,22.21,17.91,4.3,19.378,1.7517,19.24,5
UTC,0.33,0.0465,19.73,12.39,7.34,17.5583,2.7318,18.67,6
UTC,1.0,0.0298,15.22,13.0,2.22,14.27,0.8076,14.45,5
UTC,0.8,0.1308,19.62,11.02,8.6,15.55,3.1302,14.865,6
UTC,0.4,0.2363,20.79,11.92,8.87,15.922,3.8562,16.82,5
UTC,0.33,0.1147,19.26,9.76,9.5,15.3967,4.1283,17.15,6
UTC,0.33,0.1147,21.09,14.26,6.83,17.9725,2.8231,18.27,4
UTC,0.5,0.033,21.62,17.19,4.43,19.556,1.8008,19.73,5
UTC,1.0,0.191,21.13,9.79,11.34,16.092,4.4628,15.09,5
UTC,0.4,0.0793,24.6,18.36,6.24,20.924,2.3928,20.12,5
UTC,0.2,0.0929,20.67,12.51,8.16,18.0567,2.8357,18.94,6
UTC,0.0,0.041,20.26,16.65,3.61,18.3075,1.5079,18.16,4
UTC,0.5,0.1828,20.52,12.63,7.89,16.5,3.2936,16.425,4
UTC,0.5,0.0516,20.75,16.56,4.19,18.582,1.5573,18.71,5
UTC,0.67,0.0786,21.27,12.14,9.13,14.87,4.2876,13.035,4
UTC,0.4,0.2509,22.54,12.06,10.48,16.95,4.3604,17.78,5
UTC,0.0,0.0105,20.36,18.51,1.85,19.2975,0.9185,19.16,4
UTC,0.0,0.0006,20.77,18.47,2.3,19.742,1.0431,19.79,5
UTC,0.67,0.0496,22.39,17.66,4.73,20.056,1.8263,20.63,5
UTC,0.0,0.0304,20.59,17.33,3.26,18.9575,1.3435,18.955,4
UTC,0.33,0.0932,23.61,16.04,7.57,20.044,2.8557,19.81,5
UTC,0.33,0.1538,21.52,12.07,9.45,17.948,3.5275,18.45,5
UTC,0.2,0.1599,20.52,12.37,8.15,17.1775,3.4332,17.91,4
UTC,0.4,0.1446,21.85,14.25,7.6,17.942,2.8225,18.04,5
UTC,0.8,0.1076,20.13,12.61,7.52,14.7925,3.5984,13.215,4
UTC,1.0,0.0419,14.53,12.05,2.48,13.34,1.0932,13.39,4
UTC,0.67,0.1778,19.66,11.17,8.49,14.8367,4.3616,13.68,3
UTC,1.0,0.0241,20.8,14.22,6.58,17.515,3.6299,17.52,4
UTC,0.5,0.1,16.55,11.02,5.53,14.3233,2.918,15.4,3
UTC,0.67,0.1821,18.21,10.74,7.47,14.9133,3.8114,15.79,3
UTC,0.5,0.199,20.57,12.46,8.11,15.86,4.0601,15.205,4
UTC,0.4,0.0505,20.91,12.75,8.16,17.188,3.726,17.96,5
UTC,0.8,0.1079,21.06,11.79,9.27,14.7675,4.2409,13.11,4
UTC,0.4,0.0769,21.38,10.74,10.64,16.928,4.9045,19.15,5
UTC,0.67,0.2364,20.57,10.51,10.06,15.3225,4.8632,15.105,4
UTC,0.2,0.0959,19.88,12.86,7.02,17.086,2.6674,17.38,5
UTC,0.2,0.079,22.07,8.93,13.14,17.716,5.2712,18.76,5
UTC,0.2,0.1957,22.01,11.26,10.75,17.988,4.0009,18.76,5
UTC,0.4,0.1893,19.89,12.2,7.69,15.914,3.3605,17.32,5
UTC,0.67,0.181,20.52,11.58,8.94,15.79,3.5878,15.775,6
UTC,0.67,0.2402,19.36,9.4,9.96,15.738,3.7351,16.68,5
UTC,0.2,0.0598,22.45,17.21,5.24,19.89,1.9235,20.05,5
UTC,0.33,0.0515,23.76,18.84,4.92,20.974,1.9244,21.27,5
UTC,0.33,0.0326,22.68,18.96,3.72,19.99,1.5539,19.17,5
UTC,0.0,0.0149,20.82,18.58,2.24,19.585,0.9539,19.47,4
UTC,0.2,0.1315,22.1,13.92,8.18,18.474,3.0094,18.69,5
UTC,0.2,0.0201,23.67,20.24,3.43,22.1375,1.42,22.32,4
UTC,0.2,0.0117,21.28,15.85,5.43,19.264,2.3649,20.32,5
UTC,0.2,0.0194,22.76,19.34,3.42,21.234,1.2805,21.13,5
UTC,1.0,0.0288,22.86,15.75,7.11,20.52,2.858,21.48,5
UTC,0.0,0.007,22.51,18.89,3.62,21.27,1.5409,22.12,5
UTC,0.33,0.0706,21.88,14.17,7.71,19.16,2.9796,19.92,5
UTC,0.2,0.0487,23.14,16.93,6.21,20.22,2.5366,20.18,5
UTC,0.33,0.0137,21.81,19.13,2.68,20.634,0.9944,20.56,5
UTC,0.2,0.0122,22.59,19.96,2.63,21.495,1.1073,21.715,4
UTC,0.2,0.0075,21.48,19.41,2.07,20.4275,1.0159,20.41,4
UTC,0.5,0.025,22.28,18.95,3.33,20.425,1.3836,20.235,4
UTC,0.25,0.0335,21.08,17.06,4.02,18.3425,1.8627,17.615,4
UTC,0.2,0.2493,22.7,8.57,14.13,18.074,5.4718,19.78,5
UTC,0.0,0.0119,18.22,16.5,1.72,17.385,0.7096,17.41,4
UTC,0.33,0.0441,19.32,15.62,3.7,17.4917,1.3421,17.73,6
UTC,0.4,0.1034,22.71,11.69,11.02,17.632,5.3231,19.89,5
UTC,0.2,0.0719,20.59,15.02,5.57,18.054,2.0934,17.94,5
UTC,0.2,0.1496,21.85,12.39,9.46,18.136,3.5402,18.87,5
UTC,0.4,0.2127,21.34,11.09,10.25,17.24,3.7581,18.0,5
UTC,0.0,0.0014,19.08,16.82,2.26,18.21,1.0761,18.47,4
UTC,0.6,0.148,18.83,13.29,5.54,15.422,2.2699,14.78,5
UTC,0.6,0.1395,18.66,8.87,9.79,13.524,4.4663,11.6,5
UTC,0.2,0.1711,20.95,10.29,10.66,17.268,4.0863,18.14,5
UTC,0.0,0.0514,22.42,16.67,5.75,20.095,2.4652,20.645,4
UTC,0.0,0.0471,21.31,15.64,5.67,19.038,2.2001,19.47,5
UTC,0.4,0.0822,21.11,14.35,6.76,18.124,3.0199,19.84,5
UTC,0.0,0.0926,20.67,15.24,5.43,17.686,2.0844,18.02,5
UTC,0.0,0.0096,23.01,20.89,2.12,21.6,0.9925,21.25,4
UTC,0.2,0.1864,19.65,9.97,9.68,16.07,3.6929,17.13,5
UTC,0.0,0.0381,21.8,18.04,3.76,19.556,1.4061,19.35,5
UTC,0.0,0.0143,22.6,19.41,3.19,20.3925,1.4901,19.78,4
UTC,0.0,0.007,22.27,17.99,4.28,19.85,2.1739,18.8,5
UTC,1.0,0.0632,19.87,15.63,4.24,17.582,1.5787,17.37,5
UTC,0.4,0.1802,20.41,12.3,8.11,16.26,3.3931,16.92,5
UTC,0.2,0.0544,18.24,12.39,5.85,16.564,2.3641,17.39,5
UTC,0.4,0.0939,19.41,14.26,5.15,16.528,1.8991,16.7,5
UTC,0.2,0.0307,18.98,12.9,6.08,16.988,2.4602,17.82,5
UTC,0.2,0.0476,20.99,11.81,9.18,18.67,3.8582,20.31,5
UTC,0.0,0.2518,22.7,9.38,13.32,17.865,5.8321,19.69,4
UTC,0.5,0.1535,22.53,13.82,8.71,17.7175,4.3227,17.26,4
UTC,0.2,0.0039,22.43,17.08,5.35,20.258,2.326,20.66,5
UTC,1.0,0.028,19.27,16.33,2.94,17.8175,1.2747,17.835,4
UTC,0.0,0.0223,22.56,19.52,3.04,20.675,1.368,20.31,4
UTC,0.4,0.309,22.11,9.05,13.06,16.88,4.8273,18.33,5
UTC,0.2,0.1291,21.73,13.04,8.69,18.024,3.652,19.98,5
UTC,0.0,0.0902,23.3,15.95,7.35,19.794,2.912,20.26,5
UTC,0.5,0.1167,24.67,15.23,9.44,20.8075,3.9941,21.665,4
UTC,0.0,0.1631,24.56,13.45,11.11,19.785,4.7178,20.565,4
UTC,0.5,0.0571,22.81,17.09,5.72,19.695,2.9024,19.44,4
UTC,0.0,0.043,21.44,17.65,3.79,19.272,1.442,18.81,5
UTC,0.25,0.0148,22.73,20.04,2.69,21.445,1.1031,21.505,4
UTC,0.33,0.0014,18.19,8.23,9.96,15.9467,3.8509,17.39,6
UTC,0.33,0.0985,22.17,12.65,9.52,18.34,3.4986,19.045,6
UTC,0.0,0.0589,21.03,16.09,4.94,18.814,1.767,18.91,5
UTC,0.2,0.0558,21.31,14.1,7.21,18.598,2.8379,19.17,5
UTC,0.4,0.1822,21.34,10.2,11.14,17.44,4.2845,18.88,5
UTC,0.4,0.1327,20.93,10.97,9.96,16.33,4.5581,17.92,5
UTC,0.0,0.0371,18.45,15.49,2.96,16.7575,1.2596,16.545,4
UTC,0.33,0.0726,19.46,10.04,9.42,16.7917,3.5351,18.34,6
UTC,0.0,0.036,22.69,18.46,4.23,20.27,1.7649,19.965,4
UTC,0.25,0.3193,22.85,8.85,14.0,17.2075,5.9397,18.565,4
UTC,0.0,0.0487,23.22,17.1,6.12,19.065,2.8089,17.97,4
UTC,0.2,0.008,19.13,9.93,9.2,16.494,3.7952,17.29,5
UTC,0.25,0.1604,22.21,13.99,8.22,17.85,3.4279,17.6,4
UTC,0.25,0.0634,20.65,15.73,4.92,17.9025,2.036,17.615,4
UTC,1.0,0.0477,19.76,9.27,10.49,16.874,4.3464,18.55,5
UTC,0.2,0.0535,19.68,15.98,3.7,17.512,1.3981,17.01,5
UTC,0.2,0.1104,20.63,13.42,7.21,17.8,2.6818,18.56,5
UTC,0.2,0.1918,21.83,11.55,10.28,17.768,3.7868,18.21,5
UTC,0.2,0.0921,22.56,16.17,6.39,19.238,2.3409,19.52,5
UTC,0.0,0.0942,22.42,15.83,6.59,18.7675,2.7283,18.41,4
UTC,0.25,0.1257,21.95,13.99,7.96,18.38,3.3688,18.79,4
UTC,0.6,0.1343,19.04,8.98,10.06,14.116,4.3578,12.54,5
UTC,0.2,0.1838,21.92,12.96,8.96,17.112,3.1903,16.91,5
UTC,0.6,0.4217,20.99,9.2,11.79,14.172,4.8588,11.93,5
UTC,0.2,0.0164,19.5,14.16,5.34,17.972,2.1867,18.7,5
UTC,0.75,0.2927,18.13,10.24,7.89,13.2475,3.56,12.31,4
UTC,0.75,0.1243,19.79,13.01,6.78,16.05,3.4871,15.7,4
UTC,0.5,0.1874,20.06,11.68,8.38,16.06,3.6404,16.25,4
UTC,0.25,0.1287,20.63,12.3,8.33,17.615,3.6513,18.765,4
UTC,0.2,0.1456,19.76,8.06,11.7,15.932,4.6231,16.92,5
UTC,1.0,0.0,17.88,17.88,0.0,17.88,,17.88,1
UTC,0.4,0.0253,20.45,16.34,4.11,18.4,1.7848,18.12,5
UTC,1.0,0.1877,20.27,10.84,9.43,14.82,4.8838,13.35,3
UTC,0.25,0.1636,19.93,11.55,8.38,16.5575,3.5728,17.375,4
UTC,0.8,0.3777,21.43,8.88,12.55,15.544,4.5852,16.51,5
UTC,0.2,0.0214,19.6,15.68,3.92,18.05,1.5552,18.28,5
UTC,1.0,0.3762,19.49,9.65,9.84,13.67,4.61,12.77,4
UTC,0.6,0.307,21.2,11.27,9.93,15.096,3.8183,14.41,5
UTC,0.0,0.0215,21.38,18.44,2.94,19.6675,1.239,19.425,4
UTC,0.5,0.0285,17.0,9.86,7.14,13.98,3.5208,14.53,4
UTC,0.67,0.2107,20.49,10.24,10.25,14.54,5.3205,12.89,3
UTC,0.75,0.1659,21.12,10.05,11.07,13.2475,5.2831,10.91,4
UTC,0.5,0.0692,19.77,12.87,6.9,17.5125,3.1377,18.705,4
UTC,0.75,0.0043,19.68,14.45,5.23,17.805,2.4616,18.545,4
UTC,0.25,0.0047,23.4,21.94,1.46,22.5025,0.6578,22.335,4
UTC,1.0,0.0175,23.23,19.78,3.45,21.26,1.7764,20.77,3
UTC,0.0,0.0102,23.8,21.32,2.48,22.58,1.2405,22.62,3
UTC,0.0,0.0001,21.18,19.85,1.33,20.7333,0.765,21.17,3
UTC,0.0,0.0246,22.1,21.1,1.0,21.6,0.7071,21.6,2
UTC,0.2,0.018,24.61,19.13,5.48,22.564,2.2301,23.34,5
UTC,0.0,0.0,21.75,21.75,0.0,21.75,,21.75,1
UTC,0.0,0.0046,22.44,20.91,1.53,21.7,0.7662,21.75,3
UTC,0.33,0.0076,22.1,20.16,1.94,21.1833,0.9744,21.29,3
UTC,0.0,0.0,23.59,23.21,0.38,23.3433,0.2139,23.23,3
UTC,0.33,0.008,19.29,17.47,1.82,18.5267,0.9448,18.82,3
UTC,0.0,0.0269,22.41,17.65,4.76,20.4775,2.108,20.925,4
UTC,0.33,0.0121,23.3,20.69,2.61,21.97,1.3057,21.92,3
UTC,1.0,0.0,22.87,22.87,0.0,22.87,,22.87,1
UTC,0.0,0.0054,22.4,20.62,1.78,21.548,0.7238,21.64,5
UTC,0.67,0.0073,21.87,19.98,1.89,20.8533,0.9531,20.71,3
UTC,0.33,0.0239,22.69,18.42,4.27,20.9567,2.2455,21.76,3
UTC,0.17,0.0087,20.77,15.56,5.21,19.09,2.1472,20.135,6
UTC,0.5,0.0336,22.36,16.51,5.85,20.295,2.6154,21.155,4
UTC,0.8,0.0496,17.17,13.03,4.14,15.28,1.7728,15.76,5
UTC,0.67,0.0387,20.32,13.42,6.9,17.83,3.8298,19.75,3
UTC,0.4,0.0236,22.75,16.05,6.7,19.976,3.2508,21.86,5
UTC,0.0,0.0045,21.37,19.49,1.88,20.715,0.8383,21.0,4
UTC,0.25,0.0239,22.94,19.08,3.86,21.1725,1.6854,21.335,4
UTC,0.5,0.0337,21.94,14.38,7.56,19.69,3.56,21.22,4
UTC,1.0,0.2138,20.29,12.54,7.75,15.39,3.6726,14.365,4
UTC,1.0,0.0277,24.29,16.18,8.11,20.855,3.8911,21.475,4
UTC,1.0,0.1603,19.69,10.36,9.33,13.4825,4.205,11.94,4
UTC,0.0,0.0142,22.23,19.42,2.81,20.66,1.4338,20.33,3
UTC,0.0,0.0172,23.15,20.0,3.15,21.79,1.3151,22.005,4
UTC,0.25,0.053,22.05,13.56,8.49,19.495,3.9785,21.185,4
UTC,0.25,0.0089,23.62,14.83,8.79,21.31,4.3219,23.395,4
UTC,0.75,0.1691,21.53,12.68,8.85,17.8025,3.7018,18.5,4
UTC,0.25,0.0056,22.03,13.48,8.55,19.4975,4.0716,21.24,4
UTC,0.17,0.0616,23.19,18.3,4.89,20.2333,1.9233,20.015,6
UTC,0.6,0.0177,19.27,13.77,5.5,17.37,2.2615,18.11,5
UTC,0.4,0.0075,22.46,19.4,3.06,21.32,1.2193,21.61,5
UTC,0.25,0.0188,22.16,17.97,4.19,20.7525,1.8893,21.44,4
UTC,0.5,0.2833,22.1,10.57,11.53,16.335,8.1529,16.335,2
UTC,0.25,0.0484,22.07,17.47,4.6,19.7875,1.8829,19.805,4
UTC,0.25,0.0436,21.73,16.13,5.6,19.6725,2.4579,20.415,4
UTC,0.0,0.0257,22.63,19.15,3.48,20.7675,1.6002,20.645,4
UTC,1.0,0.0462,15.13,10.48,4.65,12.17,2.572,10.9,3
UTC,0.0,0.0007,21.91,18.54,3.37,20.555,1.6466,20.885,4
UTC,0.0,0.0013,22.93,20.53,2.4,22.096,0.9933,22.39,5
UTC,0.0,0.005,22.84,21.2,1.64,22.0467,0.8213,22.1,3
UTC,0.25,0.0213,21.58,14.41,7.17,19.09,3.3115,20.185,4
UTC,0.67,0.0661,20.31,14.82,5.49,17.1733,2.8276,16.39,3
UTC,0.33,0.0037,23.24,19.43,3.81,21.9233,2.1604,23.1,3
UTC,0.25,0.1288,23.06,12.79,10.27,19.2825,4.4955,20.64,4
UTC,1.0,0.0037,15.07,12.68,2.39,14.2533,1.3629,15.01,3
UTC,0.2,0.0661,20.51,15.25,5.26,18.224,1.9329,18.34,5
UTC,1.0,0.0238,19.46,18.71,0.75,19.085,0.5303,19.085,2
UTC,0.0,0.0014,21.92,20.57,1.35,21.4233,0.7423,21.78,3
UTC,0.25,0.004,22.02,20.69,1.33,21.3725,0.5439,21.39,4
UTC,0.75,0.0791,22.21,14.48,7.73,18.1475,4.0826,17.95,4
UTC,0.0,0.0012,22.37,20.61,1.76,21.2267,0.9912,20.7,3
UTC,0.0,0.0002,22.29,21.43,0.86,21.7267,0.4881,21.46,3
UTC,0.25,0.0206,23.7,17.98,5.72,21.89,2.6373,22.94,4
UTC,0.0,0.0055,22.81,21.2,1.61,21.94,0.6502,21.81,5
UTC,0.5,0.0499,23.77,17.91,5.86,21.3525,2.4805,21.865,4
UTC,1.0,0.0,13.91,13.91,0.0,13.91,,13.91,1
UTC,0.33,0.0159,23.6,19.07,4.53,21.8933,2.4628,23.01,3
UTC,0.25,0.0629,23.92,17.24,6.68,21.165,2.8314,21.75,4
UTC,0.0,0.0151,22.91,20.2,2.71,21.1725,1.2162,20.79,4
UTC,0.33,0.1018,22.77,14.71,8.06,19.3067,4.1478,20.44,3
UTC,1.0,0.0433,20.39,18.89,1.5,19.64,1.0607,19.64,2
UTC,0.25,0.0294,23.72,19.67,4.05,21.6625,1.7752,21.63,4
UTC,0.33,0.0829,22.6,15.12,7.48,19.47,3.8864,20.69,3
UTC,0.0,0.0141,24.8,21.3,3.5,22.7767,1.8129,22.23,3
UTC,0.5,0.1576,22.24,12.68,9.56,17.71,4.2926,17.96,4
UTC,0.33,0.0125,20.91,18.11,2.8,19.2333,1.4797,18.68,3
UTC,0.5,0.0078,19.13,17.43,1.7,18.4725,0.7289,18.665,4
UTC,1.0,0.0077,14.55,12.82,1.73,13.9167,0.9535,14.38,3
UTC,0.4,0.0048,20.26,17.85,2.41,19.252,1.022,19.44,5
UTC,0.0,0.0296,21.33,18.04,3.29,19.5025,1.3893,19.32,4
UTC,0.33,0.02,22.27,19.13,3.14,20.74,1.5715,20.82,3
UTC,0.25,0.1208,24.86,15.38,9.48,20.7625,3.9886,21.405,4
UTC,0.8,0.0563,20.65,14.11,6.54,17.956,2.6681,18.64,5
UTC,0.2,0.019,22.2,17.16,5.04,20.408,2.0934,21.42,5
UTC,0.0,0.0248,23.45,19.94,3.51,21.616,1.4883,22.15,5
UTC,0.2,0.0508,21.18,14.74,6.44,19.206,2.5536,20.17,5
UTC,0.25,0.07,21.28,15.06,6.22,18.945,2.6936,19.72,4
UTC,0.33,0.0334,22.81,15.68,7.13,20.9767,2.6258,21.84,6
UTC,0.0,0.0157,22.38,19.81,2.57,20.974,0.9316,20.89,5
UTC,0.25,0.0385,22.9,18.63,4.27,20.68,1.8462,20.595,4
UTC,0.5,0.0776,22.56,19.27,3.29,20.915,2.3264,20.915,2
UTC,0.0,0.0329,22.01,18.08,3.93,20.17,1.6532,20.295,4
UTC,0.4,0.1489,24.69,15.4,9.29,19.498,4.1032,19.84,5
UTC,0.75,0.0302,22.04,18.42,3.62,20.2325,1.482,20.235,4
UTC,0.67,0.0606,20.02,11.89,8.13,16.115,3.4671,16.475,6
UTC,0.67,0.0183,19.44,13.2,6.24,17.8217,2.3427,18.65,6
UTC,0.75,0.0264,22.84,19.1,3.74,20.945,1.6843,20.92,4
UTC,0.0,0.0104,24.57,22.23,2.34,23.1725,1.0394,22.945,4
UTC,0.33,0.0002,19.25,18.88,0.37,19.0167,0.2031,18.92,3
UTC,0.0,0.0236,23.78,20.26,3.52,21.9325,1.4544,21.845,4
UTC,1.0,0.0453,23.44,18.0,5.44,20.655,2.5986,20.59,4
UTC,0.6,0.1274,22.15,14.32,7.83,18.13,3.5656,19.5,5
UTC,0.6,0.0667,20.95,12.77,8.18,18.394,3.2852,19.84,5
UTC,0.75,0.0042,22.06,20.67,1.39,21.42,0.5752,21.475,4
UTC,0.0,0.0017,21.16,20.18,0.98,20.7525,0.4258,20.835,4
UTC,0.5,0.1898,21.98,14.34,7.64,18.16,5.4023,18.16,2
UTC,0.6,0.1475,24.1,13.87,10.23,18.616,4.5068,18.21,5
UTC,0.33,0.0952,23.68,15.62,8.06,20.1433,4.1196,21.13,3
UTC,0.25,0.0749,22.23,14.53,7.7,19.5325,3.4185,20.685,4
UTC,0.5,0.0078,21.85,21.54,0.31,21.695,0.2192,21.695,2
UTC,0.2,0.0997,24.09,15.98,8.11,20.554,2.9843,21.09,5
UTC,0.5,0.0502,22.42,13.74,8.68,19.5675,3.9741,21.055,4
UTC,0.33,0.1038,23.95,15.03,8.92,20.16,4.6085,21.5,3
UTC,0.5,0.132,24.41,13.84,10.57,18.7525,5.5185,18.38,4
UTC,0.5,0.1359,23.16,13.46,9.7,18.55,4.427,18.79,4
UTC,0.4,0.03,22.23,13.18,9.05,18.598,3.9936,19.97,5
UTC,1.0,0.0864,19.19,16.54,2.65,17.865,1.8738,17.865,2
UTC,0.0,0.0,21.7,21.7,0.0,21.7,,21.7,1
UTC,1.0,0.2197,22.35,13.05,9.3,16.9075,4.3713,16.115,4
UTC,1.0,0.1103,18.36,12.76,5.6,15.985,2.3383,16.41,4
UTC,0.0,0.0105,20.0,17.61,2.39,19.07,1.042,19.335,4
UTC,0.0,0.2042,24.22,14.24,9.98,19.23,7.0569,19.23,2
UTC,0.67,0.1782,23.11,13.05,10.06,17.77,5.0586,17.15,3
UTC,1.0,0.004,9.56,6.54,3.02,8.454,1.2597,8.64,5
UTC,1.0,0.1516,8.47,5.96,2.51,7.4667,0.8586,7.53,6
UTC,0.8,0.1407,9.53,6.81,2.72,8.45,1.0198,8.48,5
UTC,0.67,0.2118,10.46,4.58,5.88,7.8833,2.6191,8.71,6
UTC,1.0,0.0378,10.25,8.9,1.35,9.542,0.546,9.39,5
UTC,1.0,0.27,9.35,4.82,4.53,7.82,1.5828,8.19,6
UTC,0.67,0.0995,9.94,7.6,2.34,8.98,0.7766,9.115,6
UTC,1.0,0.2206,11.86,8.25,3.61,9.84,1.2854,9.68,6
UTC,0.17,0.0578,11.32,9.2,2.12,10.1667,0.8104,9.84,6
UTC,0.8,0.1582,10.56,8.14,2.42,9.008,1.0966,8.39,5
UTC,0.83,0.0046,9.3,5.76,3.54,8.1517,1.4213,8.63,6
UTC,0.6,0.112,11.73,8.69,3.04,10.238,1.2031,9.98,5
UTC,0.4,0.0981,13.43,8.5,4.93,11.272,2.0415,11.34,5
UTC,0.83,0.1377,8.46,3.71,4.75,6.9267,1.9649,7.925,6
UTC,0.6,0.1093,9.84,7.96,1.88,8.766,0.7452,8.78,5
UTC,0.5,0.2197,10.94,4.72,6.22,9.1,2.2244,9.58,6
UTC,0.83,0.4261,11.13,5.64,5.49,8.6117,1.9619,8.825,6
UTC,0.83,0.2124,9.74,7.15,2.59,8.2283,0.9086,8.095,6
UTC,0.83,0.1451,8.11,6.19,1.92,7.23,0.6573,7.35,6
UTC,0.83,1.602,6.38,2.42,3.96,4.2283,1.3646,4.325,6
UTC,0.6,0.0313,10.61,9.48,1.13,9.958,0.4376,9.96,5
UTC,0.5,0.1115,10.19,7.56,2.63,8.965,1.1349,9.35,6
UTC,0.5,0.087,12.24,9.92,2.32,10.9017,0.884,10.82,6
UTC,0.33,0.0406,12.02,8.75,3.27,10.475,1.4592,10.525,6
UTC,1.0,0.0332,10.25,8.6,1.65,9.4267,0.6661,9.385,6
UTC,1.0,0.1376,9.46,6.3,3.16,8.4083,1.0964,8.685,6
UTC,0.8,0.0913,10.95,9.02,1.93,9.748,0.8239,9.43,5
UTC,0.83,0.0892,11.07,8.39,2.68,9.8967,0.9548,10.04,6
UTC,1.0,0.1132,8.59,6.53,2.06,7.4983,0.9188,7.425,6
UTC,1.0,0.0985,11.84,9.23,2.61,10.5267,0.928,10.64,6
UTC,0.6,0.1247,11.61,8.28,3.33,10.16,1.2663,10.16,5
UTC,1.0,0.0424,9.88,7.19,2.69,8.835,0.9865,8.895,6
UTC,0.83,0.1902,10.67,7.72,2.95,9.0833,0.9937,8.98,6
UTC,0.83,0.1153,11.95,9.31,2.64,10.24,0.9125,10.03,6
UTC,1.0,0.035,10.24,8.76,1.48,9.5583,0.5928,9.705,6
UTC,0.67,0.0678,10.33,7.24,3.09,9.11,1.1275,9.205,6
UTC,1.0,0.082,10.29,8.38,1.91,9.28,0.6422,9.345,6
UTC,0.6,0.207,9.99,6.92,3.07,8.638,1.0988,8.74,5
UTC,1.0,0.1866,8.73,5.39,3.34,7.4983,1.176,7.645,6
UTC,0.83,0.1757,9.01,6.5,2.51,7.7867,0.9073,7.775,6
UTC,0.6,0.0899,10.36,8.36,2.0,9.16,0.9114,8.74,5
UTC,0.67,0.0781,10.8,9.07,1.73,9.7367,0.6554,9.66,6
UTC,0.83,0.1235,8.59,5.69,2.9,7.3733,1.1368,7.64,6
UTC,1.0,0.0075,9.76,7.92,1.84,9.22,0.7318,9.57,6
UTC,0.83,0.8744,9.06,3.28,5.78,6.4833,2.2272,7.345,6
UTC,1.0,0.0805,9.91,7.71,2.2,8.908,0.9792,9.35,5
UTC,0.8,0.0458,9.22,6.39,2.83,8.214,1.209,8.78,5
UTC,1.0,0.0113,9.69,8.51,1.18,9.21,0.5079,9.405,6
UTC,1.0,0.0996,10.95,8.36,2.59,9.705,0.8225,9.75,6
UTC,0.5,0.124,10.77,6.83,3.94,9.3283,1.4584,9.78,6
UTC,0.8,0.3117,9.89,6.28,3.61,8.226,1.2923,8.3,5
UTC,1.0,0.0796,11.65,6.41,5.24,10.314,2.1999,11.25,5
UTC,0.33,0.0237,10.98,7.98,3.0,9.93,1.1323,10.23,6
UTC,1.0,0.0718,9.48,7.3,2.18,8.5767,0.8247,8.8,6
UTC,1.0,0.0542,8.24,7.0,1.24,7.6467,0.4943,7.76,6
UTC,1.0,0.0158,9.31,7.77,1.54,8.7467,0.5618,8.83,6
UTC,1.0,0.0044,10.36,9.23,1.13,9.7717,0.496,9.67,6
UTC,0.83,0.0294,9.26,7.39,1.87,8.3917,0.7436,8.375,6
UTC,0.83,0.0132,9.94,7.56,2.38,9.0833,0.9112,9.21,6
UTC,1.0,0.0921,10.39,8.27,2.12,9.3383,0.8186,9.535,6
UTC,0.83,0.2303,11.4,4.42,6.98,9.005,2.54,9.675,6
UTC,0.67,0.0472,10.74,8.7,2.04,9.6733,0.81,9.48,6
UTC,0.8,0.0199,10.94,7.11,3.83,9.906,1.6411,10.87,5
UTC,1.0,0.183,10.7,6.56,4.14,8.9283,1.4568,8.83,6
UTC,0.5,0.0156,10.18,9.04,1.14,9.6867,0.4602,9.815,6
UTC,0.83,0.0419,10.71,8.59,2.12,9.86,0.7359,9.815,6
UTC,1.0,0.0858,8.58,6.86,1.72,7.8183,0.5958,7.885,6
UTC,0.8,0.3379,6.67,3.69,2.98,5.488,1.1806,5.7,5
UTC,1.0,0.0779,8.58,6.89,1.69,7.83,0.7054,8.12,6
UTC,0.83,0.0626,9.87,7.78,2.09,8.8867,0.8168,8.975,6
UTC,0.8,0.2355,10.24,7.55,2.69,8.468,1.1789,7.87,5
UTC,0.83,0.2035,8.82,6.81,2.01,7.4933,0.7471,7.29,6
UTC,0.83,0.1063,8.13,5.9,2.23,7.37,0.7724,7.535,6
UTC,0.83,0.1486,9.77,7.7,2.07,8.46,0.8182,8.15,6
UTC,0.67,0.0117,10.59,9.29,1.3,10.065,0.4629,10.025,6
UTC,0.6,0.0523,9.56,7.97,1.59,8.422,0.6458,8.17,5
UTC,1.0,0.2756,11.61,6.47,5.14,9.1267,1.8826,8.985,6
UTC,0.67,0.185,10.15,6.37,3.78,8.5817,1.323,8.63,6
UTC,0.8,0.1449,10.17,7.79,2.38,8.798,0.883,8.79,5
UTC,0.67,0.0252,9.65,7.42,2.23,8.63,0.875,8.585,6
UTC,1.0,0.4252,12.33,5.56,6.77,9.4633,2.3439,9.685,6
UTC,0.83,0.0028,9.7,8.79,0.91,9.235,0.4123,9.18,6
UTC,1.0,0.0697,10.27,8.02,2.25,9.086,1.0084,8.91,5
UTC,0.8,0.0964,9.77,7.71,2.06,8.89,0.7472,8.98,5
UTC,1.0,0.1851,10.27,6.77,3.5,8.4083,1.4684,8.415,6
UTC,1.0,0.026,9.05,7.89,1.16,8.4267,0.4614,8.275,6
UTC,0.83,0.4258,11.63,5.12,6.51,8.8817,2.369,9.45,6
UTC,1.0,0.1298,11.4,8.49,2.91,10.06,1.1211,10.48,5
UTC,0.5,0.05,9.61,8.42,1.19,8.9017,0.4286,8.775,6
UTC,0.67,0.6135,9.06,2.58,6.48,6.8767,2.2896,7.42,6
UTC,0.4,0.2776,8.83,5.22,3.61,7.584,1.3876,8.07,5
UTC,0.6,1.2151,6.26,3.11,3.15,4.424,1.2394,4.36,5
UTC,0.0,0.0197,8.96,8.29,0.67,8.542,0.2619,8.43,5
UTC,0.83,0.1186,10.32,7.26,3.06,9.2467,1.0607,9.615,6
UTC,0.33,0.0943,9.01,6.5,2.51,8.0883,0.8908,8.205,6
UTC,1.0,0.0085,8.92,7.68,1.24,8.552,0.5169,8.81,5
UTC,0.83,0.4056,11.95,7.16,4.79,9.1567,1.6552,8.735,6
UTC,0.4,0.1455,10.91,8.47,2.44,9.312,0.973,8.92,5
UTC,0.6,0.1982,10.02,7.12,2.9,8.558,1.206,8.9,5
UTC,0.6,0.319,11.53,7.57,3.96,9.132,1.6281,9.2,5
UTC,0.0,0.0016,22.8,21.2,1.6,22.06,0.6768,21.8,5
UTC,0.0,0.0296,24.1,19.9,4.2,21.775,1.7347,21.55,4
UTC,0.0,0.0399,25.8,20.5,5.3,22.825,2.2021,22.5,4
UTC,0.0,0.0376,22.7,18.1,4.6,20.675,1.9397,20.95,4
UTC,0.33,0.0284,23.6,14.8,8.8,20.5,4.9427,23.1,3
UTC,0.2,0.0081,21.1,13.7,7.4,18.86,3.0386,19.7,5
UTC,0.75,0.0155,20.2,15.7,4.5,18.7,2.064,19.45,4
UTC,0.5,0.1934,22.5,11.6,10.9,17.5833,3.8322,17.95,6
UTC,0.5,0.0015,20.5,19.7,0.8,20.125,0.35,20.15,4
UTC,0.6,0.0079,17.6,13.8,3.8,16.14,1.7315,17.0,5
UTC,1.0,0.0349,18.7,14.7,4.0,15.9,1.8833,15.1,4
UTC,1.0,0.0242,21.4,18.4,3.0,19.5,1.3491,19.1,4
UTC,0.4,0.111,22.4,14.1,8.3,18.1,3.4648,16.5,5
UTC,0.2,0.0088,22.1,17.6,4.5,20.5,1.8069,20.7,5
UTC,0.2,0.0141,23.1,18.1,5.0,20.88,2.0969,20.6,5
UTC,0.4,0.0561,22.6,17.7,4.9,19.98,1.8674,19.7,5
UTC,0.0,0.0178,22.6,19.5,3.1,20.65,1.3528,20.25,4
UTC,0.4,0.3225,22.9,10.3,12.6,16.64,4.6918,16.0,5
UTC,0.25,0.0466,20.0,13.4,6.6,17.575,2.9804,18.45,4
UTC,0.6,0.0405,18.8,13.3,5.5,16.04,2.5579,16.0,5
UTC,0.25,0.0428,20.2,15.2,5.0,17.65,2.5645,17.6,4
UTC,0.5,0.0373,16.9,13.5,3.4,15.425,1.5086,15.65,4
UTC,0.4,0.0183,21.5,16.5,5.0,19.1,2.3377,19.4,5
UTC,0.2,0.1682,23.6,10.8,12.8,19.18,4.9842,21.2,5
UTC,0.25,0.0809,19.1,11.9,7.2,16.625,3.2346,17.75,4
UTC,0.5,0.0548,20.8,16.4,4.4,18.425,2.0006,18.25,4
UTC,0.2,0.0839,21.9,12.8,9.1,18.88,3.552,19.6,5
UTC,0.6,0.168,21.5,14.0,7.5,17.12,3.1156,17.9,5
UTC,0.0,0.0148,20.4,17.1,3.3,19.0,1.5078,19.25,4
UTC,0.4,0.108,20.8,11.2,9.6,16.96,3.9023,18.0,5
UTC,0.5,0.0278,17.4,14.1,3.3,16.075,1.4569,16.4,4
UTC,0.5,0.1111,18.0,11.2,6.8,15.1333,2.6613,15.9,6
UTC,0.4,0.0413,17.2,13.5,3.7,15.84,1.4046,16.2,5
UTC,0.0,0.0559,18.1,14.8,3.3,16.16,1.339,16.0,5
UTC,0.0,0.0205,17.1,16.6,0.5,16.85,0.3536,16.85,2
UTC,0.5,0.0611,18.8,17.0,1.8,17.9,1.2728,17.9,2
UTC,0.2,0.0423,21.7,18.1,3.6,19.3,1.4765,18.7,5
UTC,1.0,0.2004,19.9,12.3,7.6,15.65,3.2949,15.2,4
UTC,0.6,0.0671,19.4,15.2,4.2,17.12,1.6483,17.3,5
UTC,0.6,0.2402,21.5,12.1,9.4,16.52,3.533,16.5,5
UTC,0.0,0.0367,22.6,19.0,3.6,20.34,1.4843,20.1,5
UTC,0.25,0.0028,19.7,17.7,2.0,18.825,0.9845,18.95,4
UTC,0.0,0.0323,21.5,16.5,5.0,19.6,1.9261,19.9,5
UTC,0.25,0.0051,18.3,15.4,2.9,17.05,1.4341,17.25,4
UTC,0.0,0.0448,22.1,17.3,4.8,18.9,2.1909,18.1,4
UTC,1.0,0.0001,15.9,14.4,1.5,15.14,0.7503,15.1,5
UTC,0.0,0.0971,19.6,14.2,5.4,16.88,1.9435,17.0,5
UTC,0.6,0.0002,18.0,12.1,5.9,15.7,2.9034,17.4,5
UTC,0.0,0.0756,21.5,15.4,6.1,18.8,2.3054,19.2,5
UTC,0.2,0.0135,20.5,13.4,7.1,18.566,2.9495,19.6,5
UTC,0.6,0.0565,19.6,15.5,4.1,17.5,1.6047,17.7,5
UTC,0.4,0.1071,19.6,13.4,6.2,16.56,2.4674,16.6,5
UTC,0.6,0.019,21.9,13.6,8.3,18.32,3.5717,18.2,5
UTC,1.0,0.1811,19.8,9.4,10.4,14.5167,4.2258,13.9,6
UTC,0.4,0.1207,18.5,13.1,5.4,15.48,1.9524,15.2,5
UTC,0.25,0.0507,22.7,16.6,6.1,19.6,3.0474,19.55,4
UTC,0.0,0.0458,23.8,19.6,4.2,21.0,1.7762,20.2,5
UTC,0.2,0.1105,22.6,15.0,7.6,19.24,2.7574,19.7,5
UTC,0.25,0.0266,20.7,14.3,6.4,18.75,2.995,20.0,4
UTC,0.33,0.0328,18.1,15.1,3.0,16.7,1.51,16.9,3
UTC,0.8,0.1341,18.5,12.5,6.0,15.64,2.2457,16.0,5
UTC,0.75,0.0897,17.5,9.8,7.7,15.075,3.5566,16.5,4
UTC,0.33,0.0878,15.8,11.2,4.6,13.9,2.4021,14.7,3
UTC,0.33,0.0592,19.0,13.8,5.2,16.9,2.7404,17.9,3
UTC,0.33,0.0081,15.9,14.6,1.3,15.3333,0.6658,15.5,3
UTC,0.33,0.0211,19.4,16.6,2.8,18.1667,1.4295,18.5,3
UTC,0.25,0.1017,20.6,12.3,8.3,17.75,3.7117,19.05,4
UTC,0.5,0.0835,18.8,10.8,8.0,16.375,3.7384,17.95,4
UTC,0.2,0.062,21.5,15.8,5.7,19.06,2.1466,19.4,5
UTC,0.25,0.1043,20.9,15.0,5.9,17.475,2.5552,17.0,4
UTC,0.25,0.2285,20.6,11.4,9.2,16.325,3.7766,16.65,4
UTC,0.0,0.0217,21.7,17.0,4.7,18.7667,2.558,17.6,3
UTC,0.4,0.0616,21.8,14.6,7.2,18.4,3.1048,18.6,5
UTC,0.5,0.0175,19.5,13.5,6.0,16.95,2.9456,17.4,4
UTC,0.4,0.117,22.7,14.5,8.2,18.36,3.6246,18.5,5
UTC,0.33,0.003,20.9,19.8,1.1,20.3333,0.5508,20.3,3
UTC,0.5,0.0001,17.5,14.2,3.3,16.625,1.6194,17.4,4
UTC,0.0,0.0387,21.3,17.1,4.2,19.5,1.7569,19.8,4
UTC,0.5,0.0695,18.5,14.1,4.4,16.425,1.8572,16.55,4
UTC,0.33,0.0158,15.1,14.9,0.2,14.9667,0.1155,14.9,3
UTC,0.0,0.0246,21.6,18.4,3.2,19.425,1.5108,18.85,4
UTC,0.2,0.0225,19.6,15.1,4.5,18.1,1.772,18.4,5
UTC,0.5,0.0239,20.9,16.1,4.8,19.2,2.1587,19.9,4
UTC,0.0,0.0183,19.9,16.2,3.7,17.6,2.0075,16.7,3
UTC,0.5,0.1678,19.5,12.7,6.8,15.6,2.9098,15.1,4
UTC,0.17,0.1255,21.4,13.2,8.2,17.9333,2.6576,18.35,6
UTC,0.8,0.0057,20.7,15.7,5.0,19.2,2.0445,19.7,5
UTC,0.75,0.0926,20.8,15.5,5.3,17.475,2.4998,16.8,4
UTC,0.33,0.0223,19.9,17.1,2.8,18.5333,1.4012,18.6,3
UTC,0.0,0.0318,19.4,16.1,3.3,17.65,1.601,17.55,4
UTC,0.2,0.0621,22.5,11.1,11.4,19.48,4.7347,21.4,5
UTC,0.0,0.0036,19.5,18.2,1.3,18.7333,0.6807,18.5,3
UTC,0.0,0.0202,20.1,17.4,2.7,18.7667,1.3503,18.8,3
UTC,0.0,0.0425,21.3,17.4,3.9,19.15,1.6703,18.95,4
UTC,0.0,0.0616,22.1,17.2,4.9,19.225,2.3964,18.8,4
UTC,0.33,0.0125,21.8,17.8,4.0,19.2667,2.203,18.2,3
UTC,0.0,0.0436,24.9,19.3,5.6,21.9,2.8213,21.5,3
UTC,0.4,0.0603,21.9,15.8,6.1,18.92,2.4652,18.2,5
UTC,0.2,0.079,21.7,12.5,9.2,18.32,3.6854,19.5,5
UTC,0.0,0.0259,22.3,18.3,4.0,20.6,2.0664,21.2,3
UTC,0.2,0.0358,23.2,18.4,4.8,20.94,1.9204,21.2,5
UTC,0.0,0.0238,22.0,18.9,3.1,20.275,1.4385,20.1,4
UTC,0.0,0.0367,19.7,15.9,3.8,17.5667,1.9425,17.1,3
UTC,0.5,0.1042,22.2,15.0,7.2,17.725,3.1213,16.85,4
UTC,0.67,0.0765,17.1,12.9,4.2,15.1333,2.1127,15.4,3
UTC,0.0,0.0781,20.6,15.0,5.6,17.6333,2.8148,17.3,3
UTC,0.0,0.0164,22.4,19.4,3.0,20.475,1.3251,20.05,4
UTC,0.4,0.0608,20.6,14.1,6.5,17.3,2.8714,16.8,5
UTC,0.0,0.0489,20.5,15.6,4.9,18.4333,2.5384,19.2,3
UTC,0.25,0.1819,22.4,12.9,9.5,17.925,4.0128,18.2,4
UTC,0.0,0.0505,19.3,15.4,3.9,16.775,1.7557,16.2,4
UTC,0.33,0.0371,19.5,13.8,5.7,17.4,3.1321,18.9,3
UTC,0.25,0.0115,18.2,15.0,3.2,16.7,1.6371,16.8,4
UTC,0.0,0.0375,20.9,14.5,6.4,18.3,2.5505,17.9,5
UTC,0.0,0.0391,20.0,15.9,4.1,18.2333,2.1079,18.8,3
UTC,0.17,0.0966,22.3,12.4,9.9,18.6167,3.694,19.55,6
UTC,0.0,0.0019,23.0,20.3,2.7,21.2333,1.5308,20.4,3
UTC,0.0,0.0652,20.7,15.1,5.6,18.5,2.3944,19.1,4
UTC,0.67,0.0502,19.6,15.5,4.1,17.5333,2.0502,17.5,3
UTC,0.25,0.1044,21.5,15.0,6.5,18.15,2.6589,18.05,4
UTC,0.0,0.2929,13.24,8.0,5.24,10.005,2.2864,9.39,4
UTC,0.0,0.1445,17.94,10.84,7.1,13.3375,3.1436,12.285,4
UTC,0.0,0.0455,11.01,7.49,3.52,9.8675,1.6287,10.485,4
UTC,0.0,0.046,14.75,12.3,2.45,13.5225,1.0018,13.52,4
UTC,0.0,0.0075,12.02,9.08,2.94,10.7525,1.4818,10.955,4
UTC,0.0,0.0155,14.24,12.82,1.42,13.586,0.5203,13.53,5
UTC,0.0,0.032,16.01,13.65,2.36,14.89,0.9135,15.21,5
UTC,1.0,0.1242,3.32,2.91,0.41,3.102,0.1539,3.08,5
UTC,0.0,0.046,8.93,7.71,1.22,8.35,0.6122,8.41,3
UTC,0.33,0.5713,14.23,4.01,10.22,9.53,4.2703,10.865,6
UTC,0.0,0.0256,14.79,11.55,3.24,13.202,1.5504,13.44,5
UTC,0.0,0.0644,17.86,14.42,3.44,15.802,1.3891,15.27,5
UTC,0.0,0.0831,15.02,11.26,3.76,13.3625,1.602,13.585,4
UTC,0.0,0.0456,16.85,13.21,3.64,15.3125,1.5851,15.595,4
UTC,0.0,0.0512,14.5,12.21,2.29,13.055,1.0852,12.755,4
UTC,0.2,0.2131,15.04,3.98,11.06,11.888,4.5667,14.13,5
UTC,0.0,0.108,16.86,10.22,6.64,14.34,2.9467,15.14,4
UTC,0.0,0.1211,16.98,10.86,6.12,14.63,2.3589,15.48,5
UTC,0.0,0.0678,18.17,13.55,4.62,16.04,1.8126,16.23,5
UTC,0.0,0.0076,13.84,12.17,1.67,13.246,0.6632,13.36,5
UTC,0.0,0.1896,15.52,9.79,5.73,12.768,2.1929,12.64,5
UTC,0.0,0.0146,11.96,10.46,1.5,11.27,0.7391,11.64,5
UTC,0.0,0.1302,14.93,10.99,3.94,12.77,1.4665,12.63,5
UTC,0.0,0.0683,16.71,13.45,3.26,14.738,1.2467,14.46,5
UTC,0.0,0.1797,16.51,10.11,6.4,13.762,2.4542,14.58,5
UTC,0.0,0.0296,10.34,6.9,3.44,9.0,1.6338,9.38,4
UTC,0.0,0.0139,17.01,13.35,3.66,15.88,1.7092,16.58,4
UTC,0.0,0.0185,11.7,10.55,1.15,11.11,0.5756,11.08,3
UTC,0.0,0.0048,17.41,15.24,2.17,16.6425,0.9959,16.96,4
UTC,0.8,0.9433,10.24,3.48,6.76,5.126,2.9066,3.65,5
UTC,0.0,0.002,14.96,13.35,1.61,14.39,0.7508,14.625,4
UTC,0.0,0.1142,13.5,9.98,3.52,11.615,1.6879,11.49,4
UTC,0.0,0.2144,13.19,7.64,5.55,10.9133,2.9061,11.91,3
UTC,0.0,0.0001,6.92,6.92,0.0,6.92,,6.92,1
UTC,0.0,0.0738,15.04,11.7,3.34,13.38,1.6701,13.4,3
UTC,0.0,0.004,15.29,12.16,3.13,13.8325,1.671,13.94,4
UTC,0.0,0.3133,8.09,5.49,2.6,6.634,1.0877,6.1,5
UTC,0.2,0.6874,13.52,3.78,9.74,9.628,3.6772,10.72,5
UTC,0.0,0.1524,9.3,6.52,2.78,7.4175,1.2723,6.925,4
UTC,0.0,0.4468,8.64,4.76,3.88,6.165,1.7026,5.63,4
UTC,0.0,0.1448,18.2,11.32,6.88,15.2467,3.5418,16.22,3
UTC,0.2,0.2272,12.07,3.32,8.75,9.112,3.504,9.76,5
UTC,0.0,0.0042,19.38,15.89,3.49,17.0867,1.9867,15.99,3
UTC,0.0,0.0534,15.23,12.49,2.74,13.85,1.1305,13.84,4
UTC,0.0,0.0007,16.87,14.28,2.59,15.815,1.0879,15.96,6
UTC,0.0,0.04,15.58,13.29,2.29,14.1925,1.0428,13.95,4
UTC,0.0,0.0069,18.87,16.53,2.34,18.085,1.0639,18.47,4
UTC,0.0,0.0661,15.39,11.4,3.99,13.736,1.5361,13.88,5
UTC,0.0,0.0582,19.62,14.29,5.33,17.14,2.4691,17.325,4
UTC,0.0,0.0384,10.49,8.27,2.22,9.8025,1.0297,10.225,4
UTC,0.0,0.0149,17.68,14.09,3.59,16.534,1.4595,17.14,5
UTC,0.0,0.1355,15.0,9.91,5.09,13.004,1.8912,13.16,5
UTC,0.0,0.1199,15.01,10.75,4.26,13.155,1.7681,13.43,4
UTC,0.2,0.0703,13.94,7.81,6.13,12.15,2.4884,12.73,5
UTC,0.0,0.0207,16.99,15.15,1.84,15.924,0.71,15.69,5
UTC,0.0,0.0154,13.81,12.41,1.4,13.2125,0.5878,13.315,4
UTC,0.0,0.0131,16.21,14.49,1.72,15.405,0.7671,15.46,4
UTC,0.0,0.0215,15.76,13.88,1.88,14.875,0.7705,14.93,4
UTC,0.0,0.0391,13.09,10.72,2.37,12.19,1.0298,12.475,4
UTC,0.17,0.1302,12.92,6.91,6.01,10.8217,2.3061,11.67,6
UTC,0.5,0.2592,16.28,7.89,8.39,12.52,3.7722,12.955,4
UTC,0.33,0.0543,18.1,10.31,7.79,15.34,4.363,17.61,3
UTC,0.4,0.0015,17.04,13.79,3.25,15.918,1.392,16.48,5
UTC,0.25,0.1424,17.78,11.62,6.16,15.135,2.5795,15.57,4
UTC,0.33,0.1673,15.26,8.66,6.6,12.65,3.5097,14.03,3
UTC,0.4,0.0611,16.33,6.49,9.84,12.876,4.2813,15.01,5
UTC,0.67,0.2024,17.3,7.82,9.48,13.6567,5.1064,15.85,3
UTC,0.33,0.161,20.35,11.53,8.82,16.6367,4.5721,18.03,3
UTC,0.5,0.2542,17.85,11.1,6.75,14.475,4.773,14.475,2
UTC,0.0,0.0259,14.77,14.3,0.47,14.535,0.3323,14.535,2
UTC,0.75,0.0983,14.87,5.4,9.47,10.9725,4.5702,11.81,4
UTC,0.8,0.7223,16.14,5.52,10.62,9.166,4.2261,8.84,5
UTC,0.5,0.3731,16.02,5.79,10.23,12.1825,4.4703,13.46,4
UTC,0.75,0.0011,14.58,12.88,1.7,14.09,0.814,14.45,4
UTC,0.0,0.0035,16.78,15.7,1.08,16.35,0.5726,16.57,3
UTC,0.5,0.3382,14.02,8.48,5.54,11.25,3.9174,11.25,2
UTC,0.33,0.0603,14.6,10.82,3.78,13.1167,2.017,13.93,3
UTC,0.0,0.0209,15.75,13.57,2.18,14.8367,1.1321,15.19,3
UTC,0.33,0.0738,15.98,12.32,3.66,14.1667,1.8302,14.2,3
UTC,0.33,0.0021,15.14,14.54,0.6,14.8067,0.3055,14.74,3
UTC,0.6,0.0966,15.68,7.83,7.85,12.27,3.3405,12.37,5
UTC,0.0,0.0749,14.35,9.71,4.64,12.6,2.5213,13.74,3
UTC,0.0,0.0036,15.32,15.25,0.07,15.285,0.0495,15.285,2
UTC,0.67,0.2725,12.81,6.95,5.86,9.3833,3.0537,8.39,3
UTC,0.5,0.2866,16.51,10.0,6.51,13.255,4.6033,13.255,2
UTC,0.0,0.0116,15.43,15.2,0.23,15.315,0.1626,15.315,2
UTC,0.33,0.0187,16.25,9.75,6.5,14.0367,3.713,16.11,3
UTC,0.0,0.0,15.68,15.68,0.0,15.68,,15.68,1
UTC,0.0,0.0448,15.65,12.68,2.97,13.765,1.2993,13.365,4
UTC,0.0,0.0234,14.86,12.28,2.58,13.87,1.3907,14.47,3
UTC,0.25,0.0992,16.65,12.65,4.0,14.2625,1.9542,13.875,4
UTC,0.33,0.0223,17.45,14.97,2.48,16.3667,1.2693,16.68,3
UTC,0.2,0.0449,14.6,10.57,4.03,13.448,1.6343,14.08,5
UTC,0.0,0.0524,18.22,16.77,1.45,17.495,1.0253,17.495,2
UTC,0.0,0.0423,13.27,12.65,0.62,12.96,0.4384,12.96,2
UTC,0.33,0.0034,15.0,8.67,6.33,12.8833,3.6489,14.98,3
UTC,0.33,0.0166,15.83,13.34,2.49,14.8867,1.3502,15.49,3
UTC,0.33,0.1218,15.22,10.85,4.37,13.0467,2.1851,13.07,3
UTC,0.0,0.0192,17.15,16.68,0.47,16.915,0.3323,16.915,2
UTC,0.0,0.0244,16.44,15.89,0.55,16.165,0.3889,16.165,2
UTC,0.0,0.0877,17.78,15.47,2.31,16.625,1.6334,16.625,2
UTC,0.0,0.0,15.11,15.11,0.0,15.11,,15.11,1
UTC,0.0,0.0,15.66,15.66,0.0,15.66,,15.66,1
UTC,0.0,0.0,17.78,17.78,0.0,17.78,,17.78,1
UTC,0.0,0.0825,16.09,14.31,1.78,15.2,1.2587,15.2,2
UTC,0.0,0.0,16.99,16.99,0.0,16.99,,16.99,1
UTC,0.0,0.0,16.72,16.72,0.0,16.72,,16.72,1
UTC,0.0,0.0,16.59,16.59,0.0,16.59,,16.59,1
UTC,0.5,0.1956,16.47,8.52,7.95,12.845,3.6985,13.195,4
UTC,0.0,0.0,16.88,16.88,0.0,16.88,,16.88,1
UTC,0.0,0.0003,17.81,17.48,0.33,17.68,0.1758,17.75,3
UTC,0.8,0.5023,16.94,8.08,8.86,11.532,3.7203,9.68,5
UTC,0.75,0.1184,17.59,12.39,5.2,15.05,2.1996,15.11,4
UTC,0.6,0.1003,18.5,13.05,5.45,15.862,2.1008,15.68,5
UTC,0.33,0.0024,15.48,13.99,1.49,14.96,0.8408,15.41,3
UTC,0.5,0.0054,15.37,13.11,2.26,14.385,1.1244,14.53,4
UTC,0.75,0.4198,15.45,7.48,7.97,11.35,3.5042,11.235,4
UTC,0.25,0.0449,17.76,14.48,3.28,16.2525,1.3505,16.385,4
UTC,0.5,0.0002,16.72,10.28,6.44,14.805,3.071,16.11,4
UTC,0.5,0.0245,16.43,14.09,2.34,15.4875,0.9914,15.715,4
UTC,0.8,0.0796,16.71,11.64,5.07,14.24,2.3063,14.78,5
UTC,0.6,0.3652,16.99,8.39,8.6,12.548,3.6785,13.61,5
UTC,0.5,0.0903,17.35,9.94,7.41,14.84,3.3627,16.035,4
UTC,0.75,0.0123,16.73,15.18,1.55,15.9975,0.6355,16.04,4
UTC,0.5,0.0307,16.33,13.37,2.96,14.8825,1.4342,14.915,4
UTC,1.0,0.001,14.68,14.16,0.52,14.31,0.2479,14.2,4
UTC,0.25,0.1233,18.46,10.49,7.97,15.5425,3.5301,16.61,4
UTC,0.25,0.0363,14.59,12.05,2.54,13.6375,1.1002,13.955,4
UTC,0.33,0.0288,17.18,14.6,2.58,15.8233,1.2952,15.69,3
UTC,0.75,0.2382,17.25,9.89,7.36,13.4175,3.4146,13.265,4
UTC,0.67,0.0371,13.18,10.26,2.92,12.0833,1.5899,12.81,3
UTC,0.33,0.1004,16.39,7.96,8.43,13.37,4.6958,15.76,3
UTC,0.67,0.0103,16.12,12.78,3.34,14.9567,1.8865,15.97,3
UTC,0.4,0.0704,17.12,13.55,3.57,15.164,1.3704,14.77,5
UTC,1.0,0.0086,13.26,8.97,4.29,12.246,1.8426,13.05,5
UTC,0.33,0.0805,14.8,10.82,3.98,12.4667,2.077,11.78,3
UTC,0.33,0.0015,15.18,12.3,2.88,13.2667,1.657,12.32,3
UTC,0.25,0.1071,16.82,10.18,6.64,14.6,2.9985,15.7,4
UTC,0.0,0.0367,17.62,16.67,0.95,17.145,0.6718,17.145,2
UTC,0.0,0.0205,18.39,15.86,2.53,17.2667,1.2886,17.55,3
UTC,0.0,0.0485,14.75,13.87,0.88,14.31,0.6223,14.31,2
UTC,0.33,0.0586,16.73,13.1,3.63,14.75,1.8374,14.42,3
UTC,0.0,0.0103,17.7,15.16,2.54,16.1,1.3927,15.44,3
UTC,0.33,0.0614,17.18,13.46,3.72,15.3333,1.8601,15.36,3
UTC,0.0,0.0029,17.09,17.02,0.07,17.055,0.0495,17.055,2
UTC,0.75,0.327,15.47,6.86,8.61,11.1,4.2733,11.035,4
UTC,0.75,0.304,13.42,7.35,6.07,10.7425,2.5858,11.1,4
UTC,0.33,0.0331,16.6,13.08,3.52,15.2367,1.8893,16.03,3
UTC,0.0,0.0704,12.99,12.0,0.99,12.495,0.7,12.495,2
UTC,0.0,0.0,16.61,16.61,0.0,16.61,,16.61,1
UTC,0.0,0.01,17.65,17.39,0.26,17.52,0.1838,17.52,2
UTC,0.0,0.0013,16.1,15.32,0.78,15.81,0.4267,16.01,3
UTC,1.0,0.0059,13.57,13.48,0.09,13.525,0.0636,13.525,2
UTC,0.0,0.0,16.48,16.48,0.0,16.48,,16.48,1
UTC,0.67,0.0569,14.85,10.65,4.2,13.26,2.2782,14.28,3
UTC,1.0,0.0887,13.11,8.32,4.79,11.34,2.6283,12.59,3
UTC,0.6,0.5398,17.1,4.38,12.72,12.284,4.7931,13.57,5
UTC,0.33,0.0129,14.37,8.96,5.41,12.54,3.1006,14.29,3
UTC,0.5,0.1866,18.65,13.24,5.41,15.945,3.8254,15.945,2
UTC,0.33,0.1129,16.74,11.5,5.24,13.79,2.6816,13.13,3
UTC,0.0,0.0173,20.04,19.46,0.58,19.75,0.4101,19.75,2
UTC,0.0,0.0259,14.64,12.63,2.01,13.7433,1.0224,13.96,3
UTC,0.0,0.1292,18.31,14.7,3.61,16.505,2.5527,16.505,2
UTC,1.0,0.0157,16.79,14.62,2.17,15.9033,1.1381,16.3,3
UTC,0.25,0.2795,13.14,6.84,6.3,10.4975,2.7507,11.005,4
UTC,0.0,0.0062,14.01,13.07,0.94,13.6,0.4814,13.72,3
UTC,0.0,0.0235,15.55,13.63,1.92,14.495,0.7921,14.4,4
UTC,0.0,0.0389,15.51,14.73,0.78,15.12,0.5515,15.12,2
UTC,0.0,0.0,16.34,16.34,0.0,16.34,,16.34,1
UTC,0.0,0.0335,13.27,11.36,1.91,12.2467,0.9623,12.11,3
UTC,0.0,0.0,16.26,16.26,0.0,16.26,,16.26,1
UTC,0.0,0.0,15.23,15.23,0.0,15.23,,15.23,1
UTC,1.0,0.0185,15.98,14.04,1.94,14.9033,0.9874,14.69,3
UTC,0.0,0.0,15.41,15.41,0.0,15.41,,15.41,1
UTC,0.0,0.0,17.5,17.5,0.0,17.5,,17.5,1
UTC,0.0,0.0032,13.73,13.68,0.05,13.705,0.0354,13.705,2
UTC,1.0,0.0447,12.06,10.08,1.98,11.18,1.0082,11.4,3
UTC,0.0,0.0,15.02,15.02,0.0,15.02,,15.02,1
UTC,0.0,0.0638,17.61,15.96,1.65,16.785,1.1667,16.785,2
UTC,0.0,0.0,15.75,15.75,0.0,15.75,,15.75,1
UTC,1.0,0.0055,10.42,9.79,0.63,10.0467,0.3308,9.93,3
UTC,0.0,0.0597,16.83,15.42,1.41,16.125,0.997,16.125,2
UTC,0.0,0.0,19.36,19.36,0.0,19.36,,19.36,1
UTC,0.33,0.003,15.27,9.36,5.91,13.2933,3.4064,15.25,3
UTC,0.0,0.0,18.87,18.87,0.0,18.87,,18.87,1
UTC,1.0,0.0,11.4,11.4,0.0,11.4,,11.4,1
UTC,0.0,0.0,16.59,16.59,0.0,16.59,,16.59,1
UTC,0.0,0.0096,15.43,15.24,0.19,15.335,0.1344,15.335,2
UTC,0.0,0.0493,16.44,15.33,1.11,15.885,0.7849,15.885,2
UTC,0.0,0.0646,17.93,16.2,1.73,17.065,1.2233,17.065,2
UTC,0.0,0.0049,14.33,13.16,1.17,13.6033,0.6344,13.32,3
UTC,0.33,0.0793,12.65,8.07,4.58,10.98,2.5293,12.22,3
UTC,0.0,0.0,20.08,20.08,0.0,20.08,,20.08,1
UTC,0.0,0.069,16.15,14.65,1.5,15.4,1.0607,15.4,2
UTC,0.0,0.1291,15.96,13.22,2.74,14.59,1.9375,14.59,2
UTC,1.0,0.0322,15.42,13.11,2.31,14.2167,1.158,14.12,3
UTC,0.0,0.0,19.84,19.84,0.0,19.84,,19.84,1
UTC,0.0,0.0,13.47,13.47,0.0,13.47,,13.47,1
UTC,0.0,0.0,14.92,14.92,0.0,14.92,,14.92,1
UTC,0.33,0.3938,14.33,6.69,7.64,10.9467,3.8942,11.82,3
UTC,0.0,0.0,14.36,14.36,0.0,14.36,,14.36,1
UTC,1.0,0.0,17.41,17.41,0.0,17.41,,17.41,1
UTC,0.0,0.0,15.3,15.3,0.0,15.3,,15.3,1
UTC,0.0,0.0,14.37,14.37,0.0,14.37,,14.37,1
UTC,0.0,0.0245,16.25,15.71,0.54,15.98,0.3818,15.98,2
UTC,1.0,0.0801,11.8,10.87,0.93,11.335,0.6576,11.335,2
UTC,0.0,0.0,16.55,16.55,0.0,16.55,,16.55,1
UTC,0.0,0.0196,14.62,14.27,0.35,14.445,0.2475,14.445,2
UTC,0.0,0.0,14.88,14.88,0.0,14.88,,14.88,1
UTC,0.0,0.0472,11.82,11.27,0.55,11.545,0.3889,11.545,2
UTC,0.0,0.0,17.4,17.4,0.0,17.4,,17.4,1
UTC,1.0,0.0,15.67,15.67,0.0,15.67,,15.67,1
UTC,1.0,0.0587,11.81,9.68,2.13,10.6633,1.0744,10.5,3
UTC,0.0,0.1384,13.78,11.59,2.19,12.685,1.5486,12.685,2
UTC,1.0,0.0416,15.49,13.05,2.44,14.208,0.9032,14.37,5
UTC,0.0,0.0119,12.91,11.59,1.32,12.12,0.6974,11.86,3
UTC,0.0,0.005,13.28,11.34,1.94,12.01,1.1004,11.41,3
UTC,1.0,0.0712,11.77,9.64,2.13,10.694,0.7735,10.59,5
UTC,0.0,0.0021,15.09,15.05,0.04,15.07,0.0283,15.07,2
UTC,0.0,0.0,16.93,16.93,0.0,16.93,,16.93,1
UTC,0.0,0.0,16.87,16.87,0.0,16.87,,16.87,1
UTC,1.0,0.2321,13.16,4.89,8.27,10.5375,3.8152,12.05,4
UTC,0.0,0.0,12.93,12.93,0.0,12.93,,12.93,1
UTC,0.0,0.0,12.57,12.57,0.0,12.57,,12.57,1
UTC,0.0,0.0167,18.95,18.45,0.5,18.7,0.3536,18.7,2
UTC,0.0,0.0,15.89,15.89,0.0,15.89,,15.89,1
UTC,0.0,0.0789,15.05,13.56,1.49,14.305,1.0536,14.305,2
UTC,1.0,0.0,11.94,11.94,0.0,11.94,,11.94,1
UTC,1.0,0.0343,13.68,11.53,2.15,12.69,0.946,12.775,4
UTC,0.0,0.0,15.21,15.21,0.0,15.21,,15.21,1
UTC,1.0,0.0097,12.39,10.66,1.73,11.6175,0.857,11.71,4
UTC,1.0,0.0486,12.69,10.25,2.44,11.0525,1.1094,10.635,4
UTC,0.5,0.0523,12.49,11.81,0.68,12.15,0.4808,12.15,2
UTC,0.5,0.2979,13.92,9.11,4.81,11.515,3.4012,11.515,2
UTC,0.0,0.0,13.03,13.03,0.0,13.03,,13.03,1
UTC,0.0,0.0,14.74,14.74,0.0,14.74,,14.74,1
UTC,1.0,0.0318,17.47,14.78,2.69,16.2275,1.1089,16.33,4
UTC,0.0,0.0307,12.16,9.87,2.29,11.2933,1.2423,11.85,3
UTC,0.2,0.181,15.63,10.6,5.03,12.858,1.8386,12.66,5
UTC,0.0,0.0,15.92,15.92,0.0,15.92,,15.92,1
UTC,0.0,0.0,17.93,17.93,0.0,17.93,,17.93,1
UTC,0.5,0.2692,13.94,9.58,4.36,11.76,3.083,11.76,2
UTC,0.0,0.0149,15.4,13.59,1.81,14.65,0.944,14.96,3
UTC,0.0,0.0,17.81,17.81,0.0,17.81,,17.81,1
UTC,0.0,0.0,17.57,17.57,0.0,17.57,,17.57,1
UTC,0.0,0.0,14.59,14.59,0.0,14.59,,14.59,1
UTC,1.0,0.0,17.15,17.15,0.0,17.15,,17.15,1
UTC,0.0,0.0008,12.05,12.04,0.01,12.045,0.0071,12.045,2
UTC,0.0,0.0,13.68,13.68,0.0,13.68,,13.68,1
UTC,0.0,0.0,14.5,14.5,0.0,14.5,,14.5,1
UTC,1.0,0.0,12.42,12.42,0.0,12.42,,12.42,1
UTC,0.0,0.0,10.42,10.42,0.0,10.42,,10.42,1
UTC,1.0,0.0001,9.76,9.76,0.0,9.76,,9.76,1
UTC,0.0,0.0,14.26,14.26,0.0,14.26,,14.26,1
UTC,0.0,0.0,11.22,11.22,0.0,11.22,,11.22,1
UTC,1.0,0.0,13.95,13.95,0.0,13.95,,13.95,1
UTC,1.0,0.2646,8.75,6.24,2.51,7.37,0.966,7.29,5
UTC,0.4,0.087,10.19,8.28,1.91,9.236,0.6958,9.11,5
UTC,0.33,0.0069,9.63,8.7,0.93,9.2933,0.5154,9.55,3
UTC,0.5,0.0328,11.58,8.92,2.66,9.655,1.2857,9.06,4
UTC,0.2,0.0305,20.1,14.76,5.34,18.432,2.1336,19.22,5
UTC,0.6,0.3725,22.47,10.26,12.21,14.58,5.8837,10.52,5
UTC,1.0,0.16,12.8,8.91,3.89,10.7767,1.9497,10.62,3
UTC,0.25,0.0123,21.68,18.71,2.97,20.62,1.3114,21.045,4
UTC,0.75,0.2238,22.69,10.16,12.53,14.425,5.6184,12.425,4
UTC,0.33,0.005,20.29,15.76,4.53,18.21,1.784,17.99,6
UTC,0.2,0.076,21.04,12.5,8.54,18.034,3.3288,18.41,5
UTC,0.0,0.0002,20.34,19.95,0.39,20.06,0.1874,19.975,4
UTC,0.5,0.0071,17.1,15.18,1.92,16.1133,0.783,15.945,6
UTC,0.6,0.3187,17.1,6.08,11.02,11.776,5.0089,12.84,5
UTC,0.2,0.0073,20.89,18.94,1.95,19.964,0.7696,19.74,5
UTC,0.5,0.1651,22.13,15.39,6.74,18.76,4.7659,18.76,2
UTC,0.0,0.0022,23.29,22.02,1.27,22.73,0.5352,22.97,5
UTC,0.0,0.0014,21.58,20.64,0.94,21.0267,0.4917,20.86,3
UTC,0.8,0.0117,19.29,16.47,2.82,18.028,1.3422,18.67,5
UTC,0.5,0.306,22.51,5.86,16.65,13.8975,8.8296,13.61,4
UTC,0.5,0.0863,19.48,16.75,2.73,18.115,1.9304,18.115,2
UTC,0.0,0.1332,21.94,9.92,12.02,14.81,6.137,10.99,5
UTC,0.4,0.0506,20.64,15.89,4.75,18.638,1.7737,19.06,5
UTC,0.83,0.0201,19.4,14.42,4.98,17.8383,1.7869,18.21,6
UTC,0.0,0.0025,20.03,19.06,0.97,19.5033,0.4903,19.42,3
UTC,0.67,0.1285,20.56,10.67,9.89,17.2733,3.4379,17.97,6
UTC,0.5,0.0332,20.0,16.54,3.46,18.47,1.438,18.67,4
UTC,0.0,0.1285,19.13,12.69,6.44,16.1133,3.2392,16.52,3
UTC,0.67,0.2402,19.26,8.64,10.62,15.0483,3.6856,15.795,6
UTC,0.25,0.0038,22.02,19.52,2.5,21.16,1.1421,21.55,4
UTC,0.4,0.0936,20.79,6.9,13.89,16.418,5.82,19.42,5
UTC,0.0,0.0292,22.57,19.2,3.37,20.636,1.366,20.61,5
UTC,0.6,0.108,20.45,6.56,13.89,14.694,6.0477,16.15,5
UTC,0.0,0.0067,19.89,18.22,1.67,18.968,0.7533,18.8,5
UTC,0.33,0.0677,22.51,12.26,10.25,18.7867,5.6709,21.59,3
UTC,0.25,0.0549,23.7,18.2,5.5,21.03,2.2487,21.11,4
UTC,0.25,0.0615,19.24,13.34,5.9,16.97,2.6064,17.65,4
UTC,0.5,0.1275,22.29,17.01,5.28,19.65,3.7335,19.65,2
UTC,0.5,0.0681,22.49,19.62,2.87,21.055,2.0294,21.055,2
UTC,0.75,0.0674,20.92,11.38,9.54,17.47,4.3489,18.79,4
UTC,0.5,0.0367,23.0,13.44,9.56,20.11,4.4902,22.0,4
UTC,0.2,0.0067,21.66,18.75,2.91,20.4,1.253,20.64,5
UTC,0.0,0.02,21.15,18.61,2.54,19.632,1.0843,19.25,5
UTC,0.0,0.0229,23.4,19.77,3.63,21.6467,1.8181,21.77,3
UTC,0.0,0.0,20.91,20.91,0.0,20.91,,20.91,1
UTC,0.8,0.0851,19.5,11.93,7.57,16.814,2.9317,17.21,5
UTC,0.6,0.1366,18.21,7.83,10.38,14.874,4.1803,16.54,5
UTC,0.67,0.0922,19.74,12.65,7.09,15.4733,3.7589,14.03,3
UTC,0.33,0.0004,21.93,19.73,2.2,21.19,1.2644,21.91,3
UTC,0.0,0.0513,21.14,19.23,1.91,20.185,1.3506,20.185,2
UTC,0.0,0.0032,20.84,18.73,2.11,19.915,1.0293,20.045,4
UTC,0.75,0.3589,20.41,9.87,10.54,14.4,4.9024,13.66,4
UTC,0.0,0.0,15.37,15.37,0.0,15.37,,15.37,1
UTC,0.5,0.0818,18.29,16.01,2.28,17.15,1.6122,17.15,2
UTC,0.8,0.186,18.54,4.99,13.55,11.68,6.3695,10.99,5
UTC,1.0,0.1527,17.57,11.15,6.42,14.01,3.2667,13.31,3
UTC,0.6,0.0156,18.55,8.38,10.17,15.88,4.2604,17.19,5
UTC,0.0,0.0244,19.82,13.88,5.94,17.7133,3.3252,19.44,3
UTC,0.5,0.0328,20.27,15.97,4.3,18.54,1.8798,18.96,4
UTC,0.33,0.0058,17.61,16.26,1.35,16.8267,0.7006,16.61,3
UTC,0.5,0.2365,18.54,6.94,11.6,14.5775,5.2135,16.415,4
UTC,0.25,0.0084,18.58,13.49,5.09,17.1225,2.4372,18.21,4
UTC,0.5,0.0373,19.76,6.55,13.21,16.2775,6.4881,19.4,4
UTC,0.75,0.2204,19.17,10.58,8.59,13.9275,3.6772,12.98,4
UTC,0.33,0.0056,20.04,16.77,3.27,17.9133,1.8435,16.93,3
UTC,0.5,0.311,19.93,8.28,11.65,14.82,4.8796,17.1,6
UTC,0.33,0.0798,18.02,4.33,13.69,13.3267,7.7938,17.63,3
UTC,0.8,0.0003,16.86,7.41,9.45,14.562,4.0662,16.6,5
UTC,0.5,0.0222,19.51,8.6,10.91,14.8483,4.6622,15.59,6
UTC,0.5,0.0577,19.03,17.29,1.74,18.16,1.2304,18.16,2
UTC,0.4,0.1449,18.56,9.38,9.18,14.648,4.2431,16.93,5
UTC,0.2,0.0211,16.23,6.14,10.09,13.49,4.3046,15.82,5
UTC,0.2,0.0028,15.64,15.05,0.59,15.282,0.249,15.16,5
UTC,0.2,0.0065,16.44,13.36,3.08,15.166,1.374,15.55,5
UTC,0.0,0.098,17.13,11.27,5.86,14.744,2.438,15.91,5
UTC,1.0,0.1732,19.59,11.53,8.06,16.0033,4.1025,16.89,3
UTC,1.0,0.0694,16.11,14.61,1.5,15.36,1.0607,15.36,2
UTC,1.0,0.2512,18.08,7.01,11.07,13.6575,4.9327,14.77,4
UTC,0.5,0.1053,19.33,16.05,3.28,17.69,2.3193,17.69,2
UTC,0.67,0.0136,19.87,17.36,2.51,18.8233,1.3058,19.24,3
UTC,1.0,0.0062,21.14,19.47,1.67,20.23,0.845,20.08,3
UTC,0.33,0.0211,23.87,10.88,12.99,19.4567,7.4287,23.62,3
UTC,0.33,0.0506,22.84,11.74,11.1,18.9267,6.2321,22.2,3
UTC,0.6,0.0694,22.25,10.5,11.75,15.542,5.9557,12.4,5
UTC,1.0,0.1302,19.65,15.46,4.19,17.555,2.9628,17.555,2
UTC,0.4,0.0325,22.51,10.17,12.34,17.642,6.0573,21.33,5
UTC,0.4,0.0298,20.5,17.03,3.47,18.944,1.2754,18.93,5
UTC,0.6,0.2689,17.5,7.06,10.44,14.006,4.0614,15.53,5
UTC,0.0,0.0038,20.23,18.99,1.24,19.67,0.6286,19.79,3
UTC,0.0,0.0013,21.85,20.88,0.97,21.27,0.5122,21.08,3
UTC,0.4,0.0998,14.64,6.55,8.09,11.792,3.3526,13.02,5
UTC,0.75,0.2131,20.91,9.4,11.51,14.8275,6.1045,14.5,4
UTC,0.0,0.0192,23.53,20.6,2.93,21.874,1.1975,22.08,5
UTC,0.0,0.0011,20.97,20.93,0.04,20.95,0.0283,20.95,2
UTC,0.67,0.0026,19.78,18.05,1.73,19.1567,0.961,19.64,3
UTC,1.0,0.0178,19.82,15.58,4.24,18.2733,2.3411,19.42,3
UTC,1.0,0.4195,18.08,7.7,10.38,12.5275,4.9392,12.165,4
UTC,0.33,0.0158,20.13,17.6,2.53,18.7267,1.2875,18.45,3
UTC,0.8,0.1473,22.31,8.4,13.91,16.226,6.2325,18.21,5
UTC,0.75,0.011,17.13,15.44,1.69,16.2575,0.8194,16.23,4
UTC,0.0,0.1078,19.76,9.21,10.55,16.85,4.3172,18.24,5
UTC,0.5,0.1242,14.48,12.31,2.17,13.395,1.5344,13.395,2
UTC,0.4,0.1209,20.3,9.94,10.36,16.76,4.2965,19.19,5
UTC,0.4,0.2073,20.09,7.47,12.62,14.96,5.5649,17.81,5
UTC,0.4,0.2265,17.96,9.81,8.15,14.324,3.1822,15.21,5
UTC,0.4,0.0891,17.84,11.96,5.88,15.806,2.2714,16.72,5
UTC,0.33,0.2687,19.85,12.17,7.68,14.8633,3.008,14.275,6
UTC,0.0,0.0073,19.02,16.54,2.48,17.846,1.0659,17.6,5
UTC,0.2,0.0889,18.2,13.37,4.83,15.974,1.7503,16.02,5
UTC,0.6,0.5163,17.67,6.62,11.05,12.386,4.0989,12.38,5
UTC,0.2,0.1063,13.68,9.32,4.36,11.966,1.6626,12.1,5
UTC,0.0,0.0026,17.44,14.87,2.57,16.4575,1.2196,16.76,4
UTC,0.2,0.0016,17.06,14.11,2.95,15.54,1.4046,14.85,5
UTC,0.33,0.044,21.26,9.25,12.01,17.1667,4.9656,19.27,6
UTC,0.33,0.5969,15.15,4.93,10.22,10.3233,3.8736,10.815,6
UTC,0.4,0.0244,18.28,11.7,6.58,15.704,3.0584,17.31,5
UTC,0.17,0.078,21.55,13.85,7.7,18.1367,2.9567,18.595,6
UTC,0.33,0.1602,20.75,12.72,8.03,16.7883,3.1785,17.665,6
UTC,0.4,0.357,18.31,8.92,9.39,12.7,3.489,12.62,5
UTC,0.33,0.2243,17.55,10.14,7.41,14.0133,3.7165,14.35,3
UTC,0.75,0.0685,17.8,11.97,5.83,13.68,2.7611,12.475,4
UTC,0.0,0.0344,20.06,15.58,4.48,16.855,2.1547,15.89,4
UTC,0.5,0.128,17.52,9.61,7.91,14.6733,2.7829,15.065,6
UTC,0.0,0.7111,16.17,5.39,10.78,10.386,4.34,10.23,5
UTC,0.6,0.099,17.5,6.17,11.33,14.086,4.6207,15.66,5
UTC,0.0,0.1386,19.64,12.93,6.71,16.526,2.4052,16.6,5
UTC,0.0,0.049,17.47,14.14,3.33,15.885,1.3898,15.965,4
UTC,0.5,0.2725,17.03,9.76,7.27,13.245,3.1368,13.095,4
UTC,0.75,0.294,17.92,9.34,8.58,12.4075,3.8226,11.185,4
UTC,0.67,0.0879,15.38,9.89,5.49,11.97,2.9769,10.64,3
UTC,0.5,0.1813,17.88,11.06,6.82,14.0967,2.663,13.535,6
UTC,0.5,0.217,17.94,11.47,6.47,14.1467,2.6476,14.005,6
UTC,0.75,0.0685,11.24,8.45,2.79,9.35,1.2744,8.855,4
UTC,0.5,0.0829,17.68,11.89,5.79,15.3883,2.1165,15.99,6
UTC,0.6,0.0097,16.68,11.01,5.67,14.568,2.671,16.15,5
UTC,0.0,0.0584,16.99,13.66,3.33,15.2025,1.4847,15.08,4
UTC,1.0,0.1611,15.21,9.12,6.09,12.368,2.9949,14.08,5
UTC,0.6,0.0243,14.98,8.76,6.22,11.896,2.8916,11.1,5
UTC,0.5,0.0016,12.67,11.89,0.78,12.345,0.3732,12.41,4
UTC,0.5,0.2387,15.84,9.04,6.8,12.7467,2.3025,13.025,6
UTC,0.4,0.0166,16.21,10.31,5.9,14.502,2.4253,15.19,5
UTC,0.8,0.1957,13.62,7.34,6.28,11.676,2.4763,12.5,5
UTC,0.4,0.2506,14.39,8.54,5.85,11.59,2.5101,12.75,5
UTC,0.75,0.0252,16.58,14.49,2.09,15.435,0.9477,15.335,4
UTC,0.5,0.0995,15.82,11.81,4.01,13.86,1.6619,13.905,4
UTC,0.6,0.0787,12.95,9.02,3.93,10.926,1.8103,10.75,5
UTC,0.6,0.0048,15.98,12.78,3.2,14.994,1.3938,15.85,5
UTC,0.4,0.1413,17.14,9.86,7.28,13.748,2.9727,13.3,5
UTC,0.2,0.083,15.45,8.81,6.64,13.556,2.7213,14.81,5
UTC,0.2,0.0179,15.65,14.17,1.48,14.762,0.6146,14.73,5
UTC,0.17,0.1362,16.85,7.74,9.11,14.195,3.2803,15.185,6
UTC,0.0,0.1187,16.39,11.55,4.84,14.236,1.7456,14.55,5
UTC,0.2,0.0782,19.55,14.62,4.93,17.192,1.8321,17.57,5
UTC,0.0,0.1476,14.74,7.97,6.77,12.55,2.6604,13.28,5
UTC,0.0,0.0488,17.34,13.89,3.45,15.738,1.3249,15.95,5
UTC,0.5,0.0428,17.13,14.38,2.75,15.465,1.1205,15.205,6
UTC,0.6,0.0191,14.22,12.03,2.19,13.17,0.9383,13.08,5
UTC,0.8,0.0959,16.32,7.49,8.83,12.872,3.5739,12.85,5
UTC,0.17,0.0526,14.03,8.76,5.27,12.1467,2.0641,12.885,6
UTC,0.25,0.1952,14.47,7.43,7.04,12.135,3.1852,13.32,4
UTC,0.2,0.0811,17.11,9.86,7.25,14.778,2.9333,16.05,5
UTC,0.17,0.015,16.25,8.32,7.93,14.1717,3.0388,15.38,6
UTC,0.0,0.0979,15.11,11.7,3.41,13.186,1.3926,13.45,5
UTC,0.83,0.0887,15.87,6.73,9.14,12.8917,3.5415,14.045,6
UTC,0.0,0.0862,14.15,10.43,3.72,12.628,1.4671,13.28,5
UTC,0.6,0.1334,17.01,12.27,4.74,14.304,1.9596,14.82,5
UTC,0.2,0.2723,15.91,6.67,9.24,12.952,3.622,14.34,5
UTC,0.0,0.1743,18.02,11.59,6.43,14.17,2.7518,13.535,4
UTC,0.2,0.1809,17.77,11.52,6.25,14.496,2.2817,14.7,5
UTC,0.2,0.1,18.88,14.23,4.65,16.06,1.8276,15.69,5
UTC,0.0,0.1013,14.48,11.29,3.19,12.358,1.2691,11.88,5
UTC,0.4,0.0179,18.28,9.1,9.18,14.562,3.8246,13.68,5
UTC,0.0,0.1248,14.73,11.03,3.7,12.634,1.4927,12.7,5
UTC,0.0,0.0382,16.72,14.0,2.72,15.302,1.067,15.06,5
UTC,0.5,0.0217,13.82,12.27,1.55,12.85,0.6794,12.655,4
UTC,0.0,0.0358,13.51,10.88,2.63,12.4833,1.4066,13.06,3
UTC,0.0,0.0142,14.32,13.07,1.25,13.5525,0.5519,13.41,4
UTC,0.0,0.1216,13.68,10.51,3.17,11.77,1.2256,11.28,5
UTC,0.2,0.0958,18.93,14.12,4.81,16.216,1.9654,16.0,5
UTC,1.0,0.2292,18.05,10.35,7.7,14.418,2.838,13.99,5
UTC,0.0,0.0391,15.05,12.26,2.79,13.73,1.2828,13.805,4
UTC,0.25,0.2709,17.53,10.05,7.48,13.35,3.1395,12.91,4
UTC,0.2,0.0322,15.4,11.72,3.68,13.824,1.7543,14.76,5
UTC,0.0,0.0394,15.28,12.96,2.32,13.9425,1.1529,13.765,4
UTC,1.0,0.2943,18.05,8.16,9.89,13.674,3.94,14.68,5
UTC,0.2,0.0904,15.94,10.75,5.19,14.032,1.9816,14.33,5
UTC,0.0,0.0688,13.41,10.87,2.54,11.874,0.9378,11.61,5
UTC,0.2,0.1785,19.34,9.44,9.9,16.102,3.8695,17.66,5
UTC,0.4,0.14,17.67,12.49,5.18,14.17,2.1108,13.84,5
UTC,0.2,0.1306,16.98,11.35,5.63,14.568,2.0891,14.94,5
UTC,0.2,0.025,15.9,12.79,3.11,14.718,1.2095,14.72,5
UTC,0.2,0.0188,16.58,11.66,4.92,14.976,1.9832,15.3,5
UTC,0.5,0.2232,16.57,10.32,6.25,13.27,2.6879,13.095,4
UTC,0.33,0.051,17.94,14.31,3.63,16.0733,1.1699,16.06,6
UTC,0.0,0.1327,16.12,11.22,4.9,13.802,1.7439,14.0,5
UTC,0.0,0.0424,16.7,14.08,2.62,15.04,1.2214,14.33,5
UTC,0.4,0.0528,14.14,11.94,2.2,12.784,0.9118,12.89,5
UTC,0.4,0.0168,15.13,12.35,2.78,13.976,1.1383,14.01,5
UTC,0.4,0.0702,15.54,12.53,3.01,13.836,1.2551,14.03,5
UTC,0.2,0.0561,18.75,15.02,3.73,16.694,1.3951,16.91,5
UTC,0.2,0.0216,15.22,12.71,2.51,14.022,1.1092,14.15,5
UTC,0.2,0.0367,14.77,11.13,3.64,13.694,1.4671,14.29,5
UTC,0.2,0.0213,13.61,10.88,2.73,12.67,1.086,12.92,5
UTC,0.33,0.2091,17.53,9.54,7.99,14.1983,2.8146,15.025,6
UTC,0.2,0.0122,15.74,13.49,2.25,14.574,1.0632,14.49,5
UTC,0.2,0.0836,13.78,9.57,4.21,12.114,1.6618,12.49,5
UTC,0.4,0.0387,15.81,8.39,7.42,13.67,3.0613,14.81,5
UTC,0.2,0.052,16.49,13.22,3.27,15.04,1.1915,15.15,5
UTC,0.0,0.0588,17.21,14.26,2.95,15.212,1.2377,14.69,5
UTC,0.2,0.1322,16.29,9.15,7.14,14.054,2.8136,14.88,5
UTC,0.0,0.0024,16.99,14.91,2.08,16.428,0.8826,16.92,5
UTC,1.0,0.045,13.78,11.14,2.64,11.965,1.2269,11.47,4
UTC,0.2,0.0572,15.55,11.96,3.59,14.116,1.3823,14.57,5
